Title,ExperienceLevel,ExperienceLevel_Category,YearsOfExperience,YearsOfExperience_Min,All_Skills,,,
.NET Developer,Fresher,Entry-Level,0-1,0,C#; .NET Core; ASP.NET MVC; Entity Framework; SQL Server; HTML; CSS; JavaScript; Git; LINQ; Razor; Unit Testing; NUnit; Visual Studio,,,
.NET Developer,Experienced,Mid-Level,3+,3,C#; .NET Core; ASP.NET Core; ASP.NET MVC; ASP.NET Web API; Entity Framework; SQL Server; NoSQL; REST APIs; Azure; Azure DevOps; Docker; SignalR; gRPC; Design Patterns; SOLID Principles; Dependency Injection; NUnit; xUnit; Moq,,,
.NET Developer,Experienced,Senior-Level,5+,5,C#; .NET Core; ASP.NET Core; ASP.NET Web API; Microservices; Distributed Systems; System Design; REST APIs; Entity Framework; Dapper; SQL Server; NoSQL; Azure; Azure DevOps; CI/CD; Docker; Kubernetes; Caching (Redis); Message Brokers; Performance Optimization; SOLID Principles,,,
AI Engineer,Entry-Level,Entry-Level,0–1 year,0,Python; NumPy; Pandas; Scikit-learn; Supervised Learning; Unsupervised Learning; Neural Networks; TensorFlow; PyTorch; SQL; NoSQL; NLTK; OpenCV; Git,,,
AI Engineer,Mid-Senior Level,Mid-Level,3–6 years,3,Python; C++; Scikit-learn; TensorFlow; PyTorch; Deep Learning; Computer Vision; NLP; Large Language Models (LLMs); Hugging Face Transformers; Feature Engineering; Model Deployment; MLOps; Model Monitoring; Docker; CI/CD; AWS; Apache Spark; ONNX; SHAP; LIME,,,
AI Engineer,Senior-Level,Senior-Level,5+ years,5,Python; C++; Scikit-learn; TensorFlow; PyTorch; Deep Learning; Computer Vision; NLP; Reinforcement Learning; Large Language Models (LLMs); Generative AI; Hugging Face Transformers; Distributed Training; Scalable ML Systems; System Design; Feature Engineering; Model Deployment; MLOps; Model Monitoring; Model Optimization; A/B Testing; ONNX; Docker; Kubernetes; CI/CD; AWS; Azure; GCP; Apache Spark; Hadoop; Data Pipelines; SHAP; LIME,,,
AI Prompt Engineer,Fresher,Entry-Level,0-1,0,Prompt Writing; Prompt Design Fundamentals; Large Language Models (LLMs); GPT Models; OpenAI API Basics; Hugging Face Transformers (Usage); Basic NLP Concepts; Few-Shot Prompting; Zero-Shot Prompting; Python; API Integration (Basic); Evaluation of LLM Outputs; Communication; Critical Thinking; Problem-Solving,,,
AI Prompt Engineer,Experienced,Mid-Level,3+,3,Advanced Prompt Engineering; NLP; Chain-of-Thought Prompting; Few-Shot and Multi-Shot Prompting; Prompt Optimization; Iterative Prompt Refinement; LLM Evaluation Frameworks; LLM Guardrails; OpenAI API; Azure OpenAI; Hugging Face Transformers; LLM Application Development; API Integration; Python; JavaScript; Data Analysis; Experimentation and A/B Testing; RAG (Retrieval-Augmented Generation); Embedding Models; Communication; Collaboration,,,dat
AI Prompt Engineer,Experienced,Senior-Level,5+,5,Prompt Architecture Design; Advanced Prompt Engineering; Chain-of-Thought and Structured Reasoning; RAG System Design; LLM System Architecture; Multi-Model Orchestration; Fine-Tuning Strategies; Parameter-Efficient Tuning (LoRA/PEFT); LLM Evaluation and Benchmarking; Hallucination Mitigation; LLM Safety and Guardrails; Model Monitoring; A/B Testing; LLM Cost Optimization; Embedding Pipelines; Vector Databases; OpenAI API; Azure OpenAI; Hugging Face Ecosystem; Python; API Design; System Design; Leadership; Stakeholder Communication,,,
AI/ML Engineer,Senior,Senior-Level,6+,6,Python; SQL; Scala; Scikit-learn (Advanced); TensorFlow; PyTorch; Keras; Deep Learning; Reinforcement Learning; Natural Language Processing (NLP); Computer Vision; Transfer Learning; Distributed Training; Advanced Feature Engineering; Big Data Processing; Apache Spark; Hadoop; ETL Architecture; Scalable Data Pipelines; Model Deployment at Scale; MLOps; CI/CD Pipelines; Model Monitoring; Cloud Deployment (AWS/Azure/GCP); Docker; Kubernetes; ONNX; System Design for ML; Experiment Management; Model Optimization; A/B Testing,,,
AI/ML Engineer,Fresher,Entry-Level,0,0,Python; NumPy; Pandas; Scikit-learn; Supervised Learning; Unsupervised Learning; Model Evaluation Metrics; Feature Engineering (Basic); Data Preprocessing; SQL; TensorFlow (Basic); PyTorch (Basic); Deep Learning Fundamentals; Neural Networks; Git,,,
AI/ML Engineer,Experienced,Mid-Level,3,3,Python; SQL; Scikit-learn; TensorFlow; PyTorch; Deep Learning; Computer Vision; Natural Language Processing (NLP); Transfer Learning; Feature Engineering; Data Pipelines; ETL Processes; Model Deployment; REST APIs for ML; Docker; CI/CD for ML; MLOps; Model Monitoring; AWS; Apache Spark; ONNX; Experiment Tracking,,,
AR/VR Developer,Fresher,Entry-Level,0-1,0,Unity; Unreal Engine; C#; C++; 3D Modeling Fundamentals; Blender; Maya; ARCore; ARKit; Spatial Computing Concepts; Basic Motion Tracking; UI/UX Fundamentals; JavaScript; Problem-Solving; Teamwork; Communication; Creativity,,,
AR/VR Developer,Experienced,Mid-Level,3+,3,Unity; Unreal Engine; C#; C++; Advanced 3D Modeling and Animation; ARCore; ARKit; Vuforia; Cross-Platform Development; Spatial Computing; Gesture and Motion Tracking; Performance Optimization; Hardware Integration; UI/UX Design; JavaScript; Python; Shader Programming; Collaboration; Leadership,,,
AR/VR Developer,Experienced,Senior-Level,5+,5,Unity; Unreal Engine; C#; C++; Advanced 3D Graphics and Rendering; 3D Modeling and Animation; ARCore; ARKit; Vuforia; Cross-Platform Architecture; Scalable AR/VR Systems; Spatial Computing; Advanced Gesture and Motion Tracking; Rendering Optimization; Performance Tuning; Hardware Integration; Shader Development; Real-Time Systems Design; Machine Learning Integration for AR/VR; Project Management; Team Leadership; UI/UX Strategy; System Architecture,,,
Android Architect,Experienced,Senior-Level,5+ years,5,Kotlin; Java; Android SDK; Android Studio; Jetpack Architecture Components; MVVM; MVI; Clean Architecture; Multi-Module Architecture; Scalable App Architecture; Dependency Injection (Dagger/Hilt); Coroutines; Flow; Room; Firebase; RESTful APIs; CI/CD; Automated Testing; Unit Testing; Instrumentation Testing; Performance Optimization; Memory Management; App Security; Offline-First Architecture; Modularization; System Design; Technical Leadership,,,
Android Developer,Fresher,Entry-Level,0,0,Kotlin; Java; Android SDK; Android Studio; XML; Jetpack Components; MVVM; Material Design; REST APIs; Room; SQLite; Firebase; Git; Unit Testing; UI/UX Fundamentals,,,
Android Developer,Experienced,Mid-Level,3-4 years,3,Kotlin; Java; Android SDK; Android Studio; Jetpack Components; MVVM; Clean Architecture; Dependency Injection (Dagger/Hilt); Coroutines; Flow; REST APIs; Room; Firebase; Unit Testing; Instrumentation Testing; CI/CD; Performance Optimization; Modularization; Git,,,
Android Developer,Experienced,Senior-Level,5+ years,5,Kotlin; Java; Android SDK; Android Studio; Jetpack Architecture Components; MVVM/MVI; Clean Architecture; Multi-Module Architecture; Dependency Injection (Dagger/Hilt); Coroutines; Flow; RESTful API Integration; Room Firebase; CI/CD; Automated Testing; Performance Optimization; Memory Management; App Security; Modularization; System Design; Code Review; Technical Mentorship,,,
Android Solutions Architect,Experienced,Senior-Level,5+ years,5,Kotlin; Java; Android SDK; Android Studio; Jetpack Architecture Components; Clean Architecture; Multi-Module Architecture; MVVM/MVI; Dependency Injection (Dagger/Hilt); Coroutines; RESTful APIs; System Design; Scalable Mobile Architecture; API Integration; CI/CD; Cloud Integration (AWS/Firebase); Performance Optimization; App Security; Modularization; Automated Testing; Technical Leadership,,,
Android Solutions Engineer,Fresher,Entry-Level,1,1,Kotlin; Java; Android SDK; Android Studio; XML; Jetpack Components; MVVM; REST APIs; SQLite; Firebase; Git; Material Design; UI/UX Fundamentals; Unit Testing,,,
Android Solutions Engineer,Experienced,Senior-Level,6,6,Kotlin; Java; Android SDK; Android Studio; Jetpack Architecture Components; Clean Architecture; MVVM/MVI; Dependency Injection (Dagger/Hilt); Coroutines; RESTful APIs; Room; Firebase; CI/CD; Automated Testing; Performance Optimization; System Design; API Architecture; Cloud Integration; Technical Leadership,,,
Android Solutions Engineer,Experienced,Mid-Level,3-5 years,3,Kotlin; Java; Android SDK; Android Studio; Jetpack Components; MVVM; Clean Architecture; REST APIs; Room; Firebase; Dependency Injection (Dagger/Hilt); Coroutines; CI/CD; Unit Testing; Performance Optimization; API Integration; Git,,,
Associate Cloud Architect,Fresher,Entry-Level,0-1,0,AWS; Azure; Cloud Computing Fundamentals; Linux Administration; Docker; Virtualization; Cloud Networking; Cloud Databases; Infrastructure as Code (Basic); Git,,,
Automation Specialist,Fresher,Entry-Level,1,1,Python; Bash; Linux; Git; Shell Scripting; Automation Scripting; CI/CD Basics; Docker; Basic Networking; Problem Solving,,,
Automation Specialist,Experienced,Mid-Level,04-Jun,4,Python; Bash; Linux; Ansible; VMware; Shell Scripting; Infrastructure Automation; CI/CD; Docker; System Monitoring; Git; Performance Troubleshooting,,,
Automation Specialist,Experienced,Senior-Level,6,6,Python; Bash; Linux; Ansible; VMPython; Bash; Linux; Ansible; Infrastructure as Code; CI/CD Architecture; Kubernetes; Docker; VMware; Cloud Automation (AWS/Azure); System Architecture; Performance Optimization; Monitoring and Logging; Technical Leadershipware; Shell Scripting; Infrastructure Automation; CI/CD; Docker; System Monitoring; Git; Performance Troubleshooting,,,
BI Analyst,Entry-Level,Entry-Level,0–1 year,0,SQL; Excel; Power BI; Tableau; Data Analysis; Data Visualization; Statistics; Business Metrics; KPI Tracking; ETL Fundamentals; MySQL; PostgreSQL; Dashboard Development,,,
BI Analyst,Senior-Level,Mid-Level,4–8 years,4,SQL; Advanced Excel; Power BI; Tableau; Looker; Data Modeling; ETL Pipelines; Data Warehousing; KPI Development; Forecasting; Data Visualization; Business Intelligence; Redshift; Snowflake; Statistical Analysis,,,
BI Analyst,Senior-Level,Senior-Level,5–9 years,5,SQL; SQL Optimization; Data Modeling; Advanced BI Modeling; ETL Pipeline Design; Data Integration; Data Warehousing; Power BI; Tableau; Looker; Predictive Analytics; Forecasting; KPI Strategy; KPI Monitoring; Redshift; Snowflake; Data Governance; Business Intelligence Strategy,,,
Backend Developer,Fresher,Entry-Level,0–1 year,0,Python; Java; Node.js; Django; Flask; Express.js; REST APIs; SQL; MySQL; PostgreSQL; MongoDB; Redis; Git; Docker; CI/CD Basics; Cloud Fundamentals; Agile,,,
Backend Developer,Experienced,Mid-Level,3–5 years,3,Python; Java; Node.js; Go; Django; Flask; Express.js; Spring Boot; REST APIs; GraphQL; SQL; MySQL; PostgreSQL; MongoDB; Redis; Microservices; Docker; Kubernetes; AWS; Azure; CI/CD; Git; Agile; gRPC,,,
Backend Developer,Experienced,Senior-Level,5+ years,5,Python; Java; Go; Node.js; Spring Boot; Django; Flask; Express.js; REST APIs; GraphQL; gRPC; Microservices Architecture; SQL; MySQL; PostgreSQL; MongoDB; Redis; Docker; Kubernetes; AWS; Azure; GCP; CI/CD; System Design; API Security; Performance Optimization; Git; Agile,,,
Big Data Engineer,Fresher,Entry-Level,0-1,0,Python; Java; Scala; SQL; Apache Spark; Hadoop; ETL; Apache NiFi; Talend; Linux; NoSQL; MongoDB; HBase; Data Processing; Git; Analytical Thinking,,,
Big Data Engineer,Experienced,Mid-Level,3+,3,Python; Java; Scala; SQL; Apache Spark; Hadoop; Kafka; Spark Streaming; Apache Flink; ETL Pipelines; Data Warehousing; AWS; Azure; GCP; BigQuery; Redshift; Snowflake; Data Governance; MLlib; Docker; Linux,,,
Big Data Engineer,Experienced,Senior-Level,5+,5,Python; Java; Scala; SQL; Apache Spark; Hadoop; Kafka; Spark Streaming; Apache Flink; Distributed Data Systems; Data Pipeline Architecture; ETL Architecture; Data Governance; AWS; Azure; GCP; BigQuery; Redshift; Snowflake; MLlib; System Design; Performance Optimization; Technical Leadership,,,
Blockchain Developer,Fresher,Entry-Level,0-1,0,Solidity; Ethereum; Smart Contracts; DApps; Cryptography; Truffle; Remix IDE; Hyperledger; Corda; Python; Java; C++; Git; Web3.js; Blockchain Fundamentals,,,
Blockchain Developer,Experienced,Mid-Level,3+,3,Solidity; Ethereum; Smart Contracts; DApps; Web3.js; Cryptography; Hyperledger Fabric; Corda; Truffle; Hardhat; Python; Java; Rust; Git; Gas Optimization; Smart Contract Security; Cross-Chain Development; Cloud Integration,,,
Blockchain Developer,Experienced,Senior-Level,5+,5,Solidity; Ethereum; Smart Contracts; DApp Architecture; Cryptography; Hyperledger Fabric; Corda; Rust; Python; Web3.js; Cross-Chain Architecture; Smart Contract Security Audits; Gas Optimization; Blockchain Scalability; Distributed Systems; Cloud Integration; System Design; Technical Leadership,,,
Business Analyst,Fresher,Entry-Level,0-1,0,Data Analysis; Excel; SQL; Power BI; Tableau; Business Process Mapping; Requirement Gathering; Documentation; Agile Methodologies; Data Interpretation; Data Visualization; Stakeholder Communication,,,
Business Analyst,Experienced,Mid-Level,3 years,3,Data Analysis; Advanced Excel; SQL; Power BI; Tableau; Business Intelligence; Business Process Modeling; Requirement Elicitation; Stakeholder Management; Agile Methodologies; Data Visualization; Process Optimization; Reporting and Dashboards,,,
Business Analyst,Experienced,Senior-Level,05-Aug,5,Advanced Data Analysis; Advanced SQL; Business Intelligence; Data Visualization; Power BI; Tableau; Business Process Optimization; Requirement Management; Stakeholder Engagement; Agile Leadership; Strategic Planning; Predictive Analytics; Reporting Strategy,,,
Cloud Architect,Fresher,Entry-Level,0,0,AWS; Azure; GCP; Linux; Bash Scripting; Python; Docker; Kubernetes; Cloud Networking Fundamentals; Cloud Security Fundamentals; Git; Infrastructure as Code Fundamentals,,,
Cloud Architect,Experienced,Mid-Level,3,3,AWS; Azure; GCP; Terraform; CloudFormation; Kubernetes; Docker; Infrastructure as Code; CI/CD; Cloud Networking; Cloud Security; Python; Bash; DevOps Automation; Monitoring and Logging; Serverless Computing,,,
Cloud Architect,Experienced,Senior-Level,7,6,AWS; Azure; GCP; Multi-Cloud Architecture; Hybrid Cloud Architecture; Kubernetes; Terraform; CloudFormation; Infrastructure as Code; CI/CD; Cloud Networking Architecture; Cloud Security Architecture; Serverless Architecture; DevOps Automation; Python; SDN; Performance Optimization; System Design; Technical Leadership,,,
Cloud Automation Engineer,Fresher,Entry-Level,1,1,Python; Bash; Linux; Git; Docker; AWS; Infrastructure as Code; Terraform; CI/CD Basics; Cloud Fundamentals,,,
Cloud Automation Engineer,Experienced,Mid-Level,4,4,Python; Bash; AWS; Terraform; CloudFormation; Ansible; Kubernetes; Docker; CI/CD; Infrastructure as Code; Monitoring and Logging; Linux; Git,,,
Cloud Automation Engineer,Experienced,Senior-Level,5,5,Python; AWS; Terraform; CloudFormation; Ansible; Kubernetes; Infrastructure as Code; CI/CD; DevOps Automation; Cloud Security; Monitoring and Observability; Performance Optimization; System Design; Technical Leadership,,,
Cloud Cost Optimization Architect,Experienced,Senior-Level,7,7,AWS; Azure; GCP; Cloud Cost Management; FinOps; Cost Optimization Strategies; Cloud Billing Analysis; Terraform; Python; Infrastructure as Code; Cloud Governance; Resource Optimization; Cost Monitoring Tools; Budget Forecasting; Cloud Architecture,,,
Cloud Engineer,Fresher,Entry-Level,0-1,0,AWS; Azure; GCP; Linux; Bash; Python; Git; Docker; Kubernetes; Terraform; Cloud Networking; Cloud Storage; IAM; VPC; Monitoring; CI/CD Basics,,,
Cloud Engineer,Experienced,Mid-Level,3,3,AWS; Azure; GCP; Terraform; CloudFormation; Kubernetes; Docker; Ansible; CI/CD; Jenkins; GitLab CI; Helm; Python; Bash; PowerShell; Cloud Security; VPC Networking; Monitoring and Logging; Prometheus; ELK Stack; SQL; NoSQL,,,
Cloud Engineer,Senior-Level,Senior-Level,5–9 years,5,AWS; Azure; GCP; Terraform; CloudFormation; Kubernetes; Docker; Ansible; Helm; CI/CD; Jenkins; GitLab CI; Infrastructure as Code; Cloud Security; Cloud Networking Architecture; Monitoring and Observability; Prometheus; ELK Stack; Python; Bash; PowerShell; SQL; NoSQL; System Design; Performance Optimization,,,
Cloud Infrastructure Security Architect,Experienced,Senior-Level,9,9,AWS; Azure; GCP; Cloud Security Architecture; IAM; Encryption; Kubernetes Security; Terraform; Infrastructure as Code; Cloud Compliance; Security Governance; Network Security; DevSecOps; Security Monitoring; Risk Management; Cloud Architecture,,,
Cloud Migration Specialist,Fresher,Entry-Level,1,1,AWS; Azure; GCP; Linux; Python; Bash; Cloud Migration Fundamentals; Database Migration; Networking Fundamentals; Docker; Git,,,
Cloud Migration Specialist,Experienced,Mid-Level,4,4,AWS; Azure; GCP; Cloud Migration; Database Migration; Terraform; Python; Infrastructure as Code; Docker; Kubernetes; CI/CD; Cloud Networking; Monitoring and Logging,,,
Cloud Migration Specialist,Experienced,Senior-Level,6+,6,AWS; Azure; GCP; Cloud Migration Architecture; Database Migration; Infrastructure as Code; Terraform; Kubernetes; Cloud Networking Architecture; DevOps Automation; Monitoring and Observability; Cloud Security; System Design; Performance Optimization; Technical Leadership,,,
Cloud Network Engineer,Fresher,Entry-Level,0-1,1,AWS; Azure; GCP; TCP/IP; DNS; VPC; Subnetting; Load Balancers; VPN; Linux; Bash; Python; Git; Network Monitoring,,,
Cloud Network Engineer,Experienced,Mid-Level,03-May,3,AWS Networking; Azure Networking; VPC Architecture; Load Balancers; VPN; DNS; Network Security Groups; Terraform; Ansible; Python; Kubernetes Networking; Monitoring and Logging; CI/CD,,,
Cloud Network Engineer,Experienced,Senior-Level,06-Jan,6,AWS Networking; Azure Networking; GCP Networking; VPC Architecture; Hybrid Cloud Networking; Load Balancers; VPN; DNS; Network Security; Infrastructure as Code; Terraform; Ansible; Kubernetes Networking; Monitoring and Observability; System Design; Performance Optimization,,,
Cloud Security Analyst,Fresher,Entry-Level,01-Jan,1,AWS Security; Azure Security; GCP Security; IAM; Network Security; Firewall Management; SIEM Tools; Incident Response; Vulnerability Assessment; Security Monitoring,,,
Cloud Security Analyst,Experienced,Mid-Level,04-Jul,4,AWS Security; Azure Security; GCP Security; IAM; Firewall Management; SIEM Tools; Incident Response; Vulnerability Management; Cloud Security Monitoring; Compliance Standards; Threat Detection; Security Automation,,,
Cloud Security Analyst,Experienced,Senior-Level,6,6,AWS Security; Azure Security; GCP Security; Cloud Security Architecture; IAM; Network Security; SIEM Tools; Incident Response; Vulnerability Management; Security Automation; Compliance Frameworks; Threat Intelligence; Risk Management,,,
Cloud Security Architect,Experienced,Senior-Level,6,6,AWS; Azure; GCP; Cloud Security Architecture; IAM; Encryption; Network Security; Compliance Frameworks; DevSecOps; Kubernetes Security; Terraform; Security Monitoring; Risk Management; Python,,,
Cloud Solutions Architect,Experienced,Senior-Level,10,10,AWS; Azure; GCP; Multi-Cloud Architecture; Cloud Architecture Design; Microservices Architecture; Serverless Architecture; Cloud Networking; Terraform; Infrastructure as Code; Kubernetes; DevOps Practices; Cloud Cost Optimization; Security Architecture; System Design; Stakeholder Management,,,
Cloud Solutions Associate,Fresher,Entry-Level,0-1,0,AWS; Azure; GCP; Linux Administration; Networking Fundamentals; Cloud Storage; Docker; Terraform; Git; Java; Python,,,
Content Writer,Fresher,Entry-Level,0-2,0,Content Writing; Editing and Proofreading; Grammar and Punctuation; Blog Writing; Content Research; SEO Fundamentals; Keyword Usage; WordPress; CMS; AI Content Tools; Social Media Content; Digital Marketing Basics; Time Management; Collaboration,,,
Content Writer,Mid-Level,Mid-Level,03-May,3,Content Writing; Editing and Proofreading; Content Optimization; SEO; Keyword Research; Content Strategy; CMS; WordPress; AI Content Tools; Digital Marketing; Google Analytics; SEMrush; Multi-Format Content Creation; Content Research; Collaboration; Time Management,,,
Content Writer,Experienced,Senior-Level,05-Aug,5,Content Strategy; SEO Strategy; Keyword Optimization; Content Marketing; Brand Voice Management; Content Calendar Management; Digital Marketing Strategy; Google Analytics; SEMrush; HubSpot; Performance Tracking; KPI Analysis; AI Content Tools; Multi-Format Content Creation; Project Management; Team Leadership,,,
Copywriter,Fresher,Entry-Level,0-1,0,Copywriting; Persuasive Writing; Storytelling; Editing and Proofreading; Grammar and Punctuation; Content Research; SEO Fundamentals; Keyword Usage; Brand Voice Awareness; AI Writing Tools; WordPress; CMS; Email Copywriting; Social Media Copywriting; Digital Marketing Basics; Time Management; Collaboration,,,
Copywriter,Mid-Level,Mid-Level,03-May,3,Copywriting; Persuasive Writing; Storytelling; Brand Voice Management; Editing and Proofreading; Content Research; SEO; Keyword Optimization; Digital Marketing; Email Marketing Copy; Social Media Copywriting; CMS; AI Writing Tools; Google Analytics; Content Optimization; Collaboration; Time Management,,,
Copywriter,Experienced,Senior-Level,05-Aug,5,Strategic Copywriting; Brand Messaging Strategy; Content Strategy; SEO Strategy; Keyword Optimization; Digital Marketing Strategy; AI Writing Tools; Google Analytics; Performance Tracking; KPI Analysis; Campaign Copywriting; Multi-Channel Copywriting; Editing and Proofreading; Project Management; Team Leadership,,,
Cyber Defense Analyst,Fresher,Entry-Level,01-Jan,1,SIEM Tools; SOC Operations; Network Security; Firewall Management; Threat Detection; Incident Response; Malware Analysis; Vulnerability Assessment; Log Analysis; Security Monitoring,,,
Cyber Defense Analyst,Experienced,Mid-Level,04-Aug,4,SIEM Tools; SOC Operations; Threat Hunting; Incident Response; Malware Analysis; Firewall Management; Network Security; Vulnerability Management; Log Analysis; Compliance Auditing,,,
Cyber Defense Analyst,Experienced,Senior-Level,6,6,SIEM Tools; Threat Hunting; Incident Response; Malware Analysis; Security Operations; Network Security; Vulnerability Management; Compliance Frameworks; Threat Intelligence; Security Automation; Risk Management,,,
Cybersecurity Analyst,Fresher,Entry-Level,0-1,0,Network Security; Firewall Management; Encryption; Incident Response; Vulnerability Assessment; SIEM Tools; Splunk; Wireshark; Nessus; Snort; Metasploit; Linux; Python; Antivirus Tools,,,
Cybersecurity Analyst,Experienced,Mid-Level,03-May,3,Incident Response; Threat Hunting; Vulnerability Management; SIEM Tools; Splunk; QRadar; LogRhythm; Cloud Security; Risk Management; Compliance Standards; Python; Bash; PowerShell,,,
Cybersecurity Analyst,Experienced,Senior-Level,05-Jul,5,Advanced Threat Detection; Threat Hunting; SIEM Architecture; Incident Response; Risk Management; Compliance Frameworks; Cloud Security; Security Automation; Splunk; Threat Intelligence; Security Governance; Team Leadership,,,
Cybersecurity Risk Analyst,Fresher,Entry-Level,01-Jan,1,Risk Assessment; Compliance Frameworks; Security Policies; Vulnerability Assessment; Security Auditing; Network Security Basics; Python; PowerShell; SIEM Tools; Security Documentation,,,
Cybersecurity Risk Analyst,Experienced,Mid-Level,03-Jun,3,Risk Management; Compliance Auditing; Security Governance; Vulnerability Management; SIEM Tools; Splunk; Python; PowerShell; Security Monitoring; Incident Analysis; Risk Reporting,,,
Cybersecurity Risk Analyst,Experienced,Senior-Level,6,6,Risk Management; Security Governance; Compliance Frameworks; Risk Assessment; Security Auditing; Threat Intelligence; Security Strategy; SIEM Architecture; Splunk; Security Automation; Stakeholder Management; Leadership,,,
Cybersecurity Support Analyst,Fresher,Entry-Level,0-1,0,Cryptography; Firewall Management; ISO 27001; Network Security; Wireshark; SIEM Tools; Incident Response; Vulnerability Assessment; Linux; Teamwork,,,
Data Analyst,Entry-Level,Entry-Level,0–1 year,0,SQL; Excel; Python; R; Pandas; Matplotlib; Seaborn; Power BI; Tableau; Statistics; Hypothesis Testing; Regression Analysis; MySQL; PostgreSQL,,,
Data Analyst,Experienced,Mid-Level,4–8 years,4,SQL; Advanced SQL; Python; R; Power BI; Tableau; ETL; Data Visualization; A/B Testing; Predictive Modeling; Time Series Analysis; BigQuery; Redshift; Snowflake; Looker,,,
Data Analyst,Experienced,Senior-Level,5–9 years,5,Advanced SQL; Data Warehousing; ETL; Data Engineering; Predictive Modeling; Statistical Modeling; Time Series Forecasting; Python; R; Power BI; Tableau; BigQuery; Redshift; Snowflake; Spark; Machine Learning; Data Governance,,,
Data Engineer,Fresher,Entry-Level,0-1,0,Python; SQL; Java; Scala; Apache Spark; Apache Airflow; ETL; Data Modeling; Hadoop; Kafka; AWS; AWS S3; GCP BigQuery; MongoDB; MySQL; PostgreSQL; Linux,,,
Data Engineer,Experienced,Mid-Level,03-Apr,3,Python; SQL; Java; Scala; Apache Spark; Apache Kafka; Apache Airflow; Databricks; Flink; ETL Pipelines; Data Modeling; Hadoop; AWS Glue; AWS Redshift; Azure Data Lake; Azure Synapse; GCP BigQuery; Snowflake,,,
Data Engineer,Experienced,Senior-Level,5+,5,Python; SQL; Scala; Apache Spark; Apache Kafka; Apache Airflow; ETL Architecture; Data Modeling; Data Governance; Hadoop; AWS EMR; AWS Glue; BigQuery; Snowflake; Data Warehousing; Distributed Data Systems,,,
Data Science Associate,Fresher,Entry-Level,0-1,0,Python; SQL; R; Pandas; NumPy; Scikit-learn; Matplotlib; Seaborn; Data Cleaning; Data Preprocessing; Exploratory Data Analysis (EDA); Machine Learning; Statistical Analysis; MySQL; PostgreSQL,,,
Data Scientist,Fresher,Entry-Level,0-1,0,Python; R; SQL; Pandas; NumPy; Matplotlib; Seaborn; Machine Learning; Regression; Classification; Clustering; Decision Trees; Logistic Regression; Data Cleaning; Data Preprocessing; Data Wrangling; Excel; MySQL; PostgreSQL; MongoDB,,,
Data Scientist,Mid-Senior,Mid-Level,03-Jun,3,Python; R; SQL; Machine Learning; Deep Learning; NLP; Regression; Classification; Clustering; Ensemble Methods; Reinforcement Learning; ETL Pipelines; Spark; Hadoop; Tableau; Power BI; Java; Scala,,,
Data Scientist,Senior,Senior-Level,5+,5,Python; R; SQL; Machine Learning; Deep Learning; NLP; Predictive Modeling; Feature Engineering; Time Series Modeling; Reinforcement Learning; Spark; Hadoop; ETL Pipelines; AWS; Azure; GCP; Git; Jupyter; Tableau; Power BI,,,
DevOps Cloud Architect,Experienced,Senior-Level,5,5,AWS; Azure; GCP; CI/CD; Docker; Kubernetes; Terraform; Infrastructure as Code; Python; Bash; DevOps Automation; Cloud Architecture; Monitoring and Observability; Cloud Security; Microservices Architecture,,,
DevOps Engineer,Fresher,Entry-Level,0–1 year,0,AWS; Azure; GCP; Linux; Bash; Python; Git; GitHub; GitLab; Docker; Kubernetes; Jenkins; Terraform; Ansible; CI/CD,,,
DevOps Engineer,Experienced,Mid-Level,4–8 years,4,AWS; Azure; GCP; Terraform; Ansible; Chef; Puppet; Docker; Kubernetes; Helm; Jenkins; GitLab CI; CircleCI; Prometheus; Grafana; ELK Stack; Linux; Bash; Python; Microservices; DevSecOps,,,
DevOps Engineer,Experienced,Senior-Level,5,5,AWS; Azure; GCP; Terraform; Ansible; Kubernetes; Docker; Helm; CI/CD Architecture; Infrastructure as Code; Prometheus; Grafana; ELK Stack; DevSecOps; Microservices Architecture; Linux; Python; Bash; System Design,,,
Digital Marketing Specialist,Fresher,Entry-Level,0-1,0,Digital Marketing; Social Media Marketing; Content Creation; Copywriting; SEO; SEM; Google Ads; Facebook Ads; Email Marketing; Google Analytics; WordPress; CMS; Blogging; Lead Generation; Creativity; Communication; Team Collaboration,,,
Digital Marketing Specialist,Experienced,Mid-Level,03-May,3,Digital Marketing Strategy; SEO; SEM; PPC Campaigns; Google Ads; Facebook Ads; Marketing Analytics; Google Analytics; Tableau; CRM Tools; HubSpot; Salesforce; Marketing Automation; Email Automation; Content Marketing; Social Media Marketing; Lead Generation; Brand Management; Budget Management,,,
Digital Marketing Specialist,Experienced,Senior-Level,05-Jul,5,Digital Marketing Strategy; SEO Strategy; SEM; PPC Campaign Management; Marketing Analytics; Google Analytics; Tableau; CRM Platforms; Marketing Automation; AI Marketing Tools; Multi-Channel Campaign Management; Conversion Rate Optimization; Lead Generation Strategy; Brand Strategy; Budget and ROI Management; Content Marketing Strategy; Team Leadership,,,
Ethical Hacker,Fresher,Entry-Level,0-1,0,Penetration Testing; Vulnerability Assessment; Web Application Security; Networking; Linux; Windows Security; Python; Bash; Nmap; Burp Suite; Metasploit; Wireshark; SQLMap; Cryptography,,,
Ethical Hacker,Experienced,Mid-Level,3+,3,Penetration Testing; Vulnerability Assessment; Web Application Security Testing; Network Security; Cryptography; Malware Analysis; Reverse Engineering; Python; C++; JavaScript; Bash; PowerShell; Nmap; Burp Suite; Metasploit; SQLMap; Wireshark; Active Directory Security; Risk Assessment,,,
Ethical Hacker,Experienced,Senior-Level,5+,5,Penetration Testing; Advanced Network Security; Web Application Security; Cryptography; Malware Analysis; Reverse Engineering; Threat Modeling; Security Frameworks; Compliance Frameworks; Python; C++; JavaScript; Bash; PowerShell; Nmap; Burp Suite; Metasploit; SQLMap; Wireshark; Active Directory Security; Security Architecture; Project Management,,,
Fintech Engineer,Fresher,Entry-Level,0-1,0,Python; SQL; JavaScript; API Integration; AWS; Azure; Machine Learning; Data Analysis; Blockchain; Cybersecurity Fundamentals; Financial Domain Knowledge; Cloud Computing; Problem Solving; Collaboration,,,
Fintech Engineer,Experienced,Mid-Level,3+,3,Python; SQL; JavaScript; API Architecture; Microservices Architecture; AWS; Azure; Blockchain; Smart Contracts; Machine Learning; Predictive Modeling; Financial Modeling; Quantitative Analysis; DevOps; Cybersecurity Compliance; Financial Data Analysis; Stakeholder Management,,,
Fintech Engineer,Experienced,Senior-Level,5+,5,API Architecture; Microservices Architecture; Blockchain; Smart Contracts; AWS; Azure; DevOps Automation; Cybersecurity Architecture; Machine Learning; Predictive Analytics; Financial Modeling; Quantitative Modeling; Financial Data Engineering; Strategic Planning; Project Management; Team Leadership,,,
Frontend Developer,Entry-Level,Entry-Level,0–1 year,0,HTML; CSS; JavaScript; Git; React; Angular; Vue.js; Bootstrap; Tailwind CSS; Browser Developer Tools,,,
Frontend Developer,Mid-Senior Level,Mid-Level,3–6 years,3,HTML; CSS; JavaScript; React; Redux; Angular; Vue.js; Git; CI/CD; Lazy Loading; Performance Optimization; Unit Testing; Integration Testing; End-to-End Testing,,,
Frontend Developer,Senior-Level,Senior-Level,5+ years,5,HTML; CSS; JavaScript; React; Redux; Angular; Vue.js; CI/CD; Performance Optimization; Lazy Loading; Testing Automation; Unit Testing; Integration Testing; End-to-End Testing; Frontend Architecture,,,
Full Stack Developer,Fresher,Entry-Level,0–1 year,0,HTML; CSS; JavaScript; React; Angular; Vue.js; Node.js; Python; Django; Flask; SQL; MySQL; PostgreSQL; MongoDB; Git; REST APIs; Docker; Agile,,,
Full Stack Developer,Experienced,Mid-Level,3–5 years,3,HTML; CSS; JavaScript; TypeScript; React; Redux; Angular; Vue.js; Node.js; Python; Django; Flask; SQL; MySQL; PostgreSQL; MongoDB; Docker; Kubernetes; REST APIs; Microservices; Git; CI/CD; Serverless; Web Security; Cloud Platforms; Agile,,,
Full Stack Developer,Experienced,Senior-Level,6,6,HTML; CSS; JavaScript; TypeScript; React; Angular; Vue.js; Node.js; Python; Django; Flask; SQL; MongoDB; PostgreSQL; REST APIs; Microservices Architecture; Docker; Kubernetes; CI/CD; Cloud Platforms; Web Security; System Design; Performance Optimization,,,
Game Developer,Fresher,Entry-Level,0-1,0,Unity; Unreal Engine; C#; C++; Java; Python; Game Mechanics; Physics; Collision Detection; Animation; DirectX; OpenGL; Git; Debugging,,,
Game Developer,Experienced,Mid-Level,3+,3,Unity; Unreal Engine; Godot; C#; C++; Java; Python; Gameplay Systems; AI Programming; Physics; Multiplayer Networking; Shader Programming; Performance Optimization; Debugging and Profiling; Cross-Platform Development; Testing Frameworks,,,
Game Developer,Experienced,Senior-Level,5+,5,Unity; Unreal Engine; C#; C++; Python; Gameplay Systems Architecture; AI Programming; Multiplayer Networking; Physics Simulation; Shader Programming; Graphics Optimization; Performance Profiling; Cross-Platform Development; Debugging and Profiling; System Design; Project Management,,,
Graphic Designer,Fresher,Entry-Level,0-1,0,Adobe Photoshop; Adobe Illustrator; Adobe InDesign; Figma; Adobe XD; After Effects; Color Theory; Typography; Web Design; Motion Graphics; HTML; CSS; Creativity; Communication; Time Management,,,
Graphic Designer,Mid-Level,Mid-Level,03-Jun,3,Adobe Photoshop; Adobe Illustrator; Adobe InDesign; Figma; Adobe XD; After Effects; Motion Graphics; Color Theory; Typography; Web Design; Mobile Design; UI Design; Brand Design; Collaboration,,,
Graphic Designer,Experienced,Senior-Level,05-Oct,5,Adobe Photoshop; Adobe Illustrator; Adobe InDesign; Figma; Adobe XD; After Effects; Motion Graphics; Typography; Color Theory; 3D Design; AR/VR Design; Visual Design Strategy; Brand Identity Design; Creative Direction,,,
Hybrid Cloud Architect,Experienced,Senior-Level,8,8,AWS; Azure; GCP; Hybrid Cloud Architecture; Multi-Cloud Architecture; Cloud Networking; Terraform; Infrastructure as Code; Kubernetes; DevOps Automation; Python; Cloud Security; System Design; Networking Architecture,,,
Incident Response Analyst,Fresher,Entry-Level,1,1,Incident Response; Security Monitoring; SIEM Tools; Log Analysis; Network Security; Malware Analysis; Vulnerability Assessment; Digital Forensics; Splunk; Wireshark,,,
Incident Response Analyst,Experienced,Senior-Level,05-Sep,5,Incident Response; Digital Forensics; Malware Analysis; Threat Hunting; Threat Intelligence; SIEM Architecture; Splunk; QRadar; Security Automation; Risk Management; Security Governance,,,
Incident Response Analyst,Experienced,Mid-Level,2,2,Incident Response; Threat Hunting; Malware Analysis; Digital Forensics; SIEM Tools; Splunk; QRadar; Log Analysis; Network Security; Vulnerability Management; Threat Intelligence,,,
Information Security Analyst,Fresher,Entry-Level,0-1,0,Network Security; Firewall Management; Vulnerability Assessment; Nessus; Snort; Python; SIEM Tools; Security Monitoring; Incident Response; Compliance Fundamentals,,,
Information Security Analyst,Experienced,Mid-Level,03-May,3,Incident Response; Threat Intelligence; Vulnerability Management; SIEM Tools; Splunk; QRadar; Network Security; Python; Security Monitoring; Risk Assessment,,,
Information Security Analyst,Experienced,Senior-Level,6,6,Incident Response; Threat Intelligence; Vulnerability Management; Security Architecture; SIEM Tools; Splunk; QRadar; Risk Management; Compliance Frameworks; Security Governance,,,
Interaction Designer,Fresher,Entry-Level,0-1,0,Figma; Adobe XD; Sketch; Prototyping; User Research; Typography; Wireframing; Interaction Design Principles,,,
Interaction Designer,Experienced,Mid-Level,03-Jan,3,Figma; Adobe XD; Sketch; Prototyping; Wireframing; User Flows; Interaction Design; User Research; Usability Testing; Micro-Interactions; Design Systems,,,
Interaction Designer,Experienced,Senior-Level,06-Aug,6,Figma; Adobe XD; Principle; After Effects; Interaction Design; Micro-Interactions; Prototyping; Design Systems; Usability Testing; UX Strategy; User Journey Mapping; Design Leadership,,,
IoT Engineer,Fresher,Entry-Level,0-1,0,C; C++; Python; Java; Embedded Systems; Embedded Firmware; Sensor Integration; Actuator Integration; MQTT; CoAP; Zigbee; Bluetooth; LoRa; TCP/IP; IPv6; AWS IoT; Azure IoT; GCP IoT; Edge Computing,,,
IoT Engineer,Experienced,Mid-Level,3+,3,C; C++; Python; Java; Embedded Systems; Embedded Firmware; Sensor Integration; MQTT; CoAP; LoRaWAN; NB-IoT; TCP/IP; IPv6; Edge Computing; IoT Architecture; AWS IoT; Azure IoT; GCP IoT; CI/CD; Network Security; Real-Time Data Analytics; Machine Learning Integration,,,
IoT Engineer,Experienced,Senior-Level,5+,5,IoT Architecture; Embedded Systems; Embedded Firmware; Sensor Fusion; Edge Computing; MQTT; CoAP; LoRaWAN; NB-IoT; TCP/IP; Network Security; AWS IoT; Azure IoT; GCP IoT; CI/CD; Real-Time Analytics; Machine Learning; Data Pipelines; System Design; Project Management,,,
Java Developer,Fresher,Entry-Level,0,0,Java; OOP; Java Collections; Java I/O; Exception Handling; Multithreading; JDBC; SQL; MySQL; PostgreSQL; Servlets; JSP; Spring; Spring Boot; Hibernate; REST APIs; Git; Maven; Gradle; HTML; CSS; JavaScript; JUnit; Docker,,,
Java Developer,Experienced,Mid-Level,3,3,Java; Spring Boot; Hibernate; JPA; REST APIs; Microservices; SQL; Kafka; Docker; Kubernetes; CI/CD; Jenkins; Maven; Gradle; JUnit; Mockito; Selenium; JVM Internals; Performance Tuning; Debugging; Git; Agile,,,
Java Developer,Experienced,Senior-Level,5,5,Java; Spring Boot; Microservices Architecture; REST APIs; SOAP APIs; SQL; NoSQL; MongoDB; Cassandra; System Design; Performance Optimization; Database Tuning; Kafka; Docker; Kubernetes; CI/CD; Angular; React; Leadership,,,
JavaScript Developer,Fresher,Entry-Level,0-1,0,JavaScript; HTML; CSS; AJAX; JSON; React; Angular; Vue.js; Responsive Design; Git; REST APIs; Async Programming,,,
JavaScript Developer,Experienced,Mid-Level,3+,3,JavaScript; TypeScript; React; Angular; Vue.js; Node.js; Express.js; Redux; Vuex; REST APIs; GraphQL; Git; CI/CD; Docker; Webpack; Babel; npm; Yarn; Jest; Cypress; Mocha,,,
JavaScript Developer,Experienced,Senior-Level,5+,5,JavaScript; TypeScript; React; Angular; Vue.js; Node.js; Express.js; REST APIs; GraphQL; Redux; Vuex; CI/CD; Docker; Webpack; Babel; Performance Optimization; Testing Frameworks; System Design; Team Leadership,,,
Machine Learning Engineer,Fresher,Entry-Level,0-1,0,Python; R; SQL; Pandas; NumPy; Scikit-learn; TensorFlow; PyTorch; Keras; Machine Learning; Feature Engineering; Data Preprocessing; Statistics; Probability; Matplotlib; Seaborn; MySQL; Git; Java; Exploratory Data Analysis (EDA); Data Visualization,,,
Machine Learning Engineer,Mid-Senior,Mid-Level,03-Jun,3,Python; R; SQL; Java; Scala; Machine Learning; Deep Learning; NLP; Computer Vision; Reinforcement Learning; TensorFlow; PyTorch; Keras; Scikit-learn; ONNX; Feature Engineering; ETL Pipelines; Hadoop; Spark; MLOps; CI/CD; Model Monitoring; Cloud Platforms,,,
Machine Learning Engineer,Senior,Senior-Level,05-Jul,5,"AWS; Advanced ML/DL: deep learning, NLP, reinforcement learning, computer vision, transfer learning; Advanced ML/DL: deep learning, reinforcement learning, NLP, computer vision, transfer learning; Big data: Hadoop, Spark; Big data: Spark, Hadoop; Classification; ETL automation; Ensemble methods; Feature engineering; Feature engineering, ETL automation; Feature engineering, ETL pipelines; Frameworks: TensorFlow, PyTorch, Keras, Scikit-learn (advanced); Frameworks: TensorFlow, PyTorch, Keras, Scikit-learn (advanced), ONNX; GCP; Hadoop; Java; Java/Scala; ML/DL: deep learning, reinforcement learning, NLP, computer vision, transfer learning; MLOps: CI/CD pipelines, model monitoring, cloud deployment (AWS/GCP/Azure); MLOps: CI/CD, model monitoring, cloud deployment (AWS/GCP/Azure); MLOps: CI/CD, monitoring, cloud deployment (AWS/GCP/Azure); NLP; PowerBI; Python; Python (advanced); R; Regression; Reinforcement Learning; SQL; Scala; Spark; Tableau",,,
Machine Learning Scientist,Senior,Senior-Level,5+,5,Python; R; SQL; Java; Scala; Machine Learning; Deep Learning; NLP; Computer Vision; Reinforcement Learning; TensorFlow; PyTorch; Scikit-learn; Feature Engineering; Ensemble Methods; ETL Pipelines; Hadoop; Spark; MLOps; CI/CD; Model Monitoring; AWS; GCP; System Design,,,
Market Research Analyst,Fresher,Entry-Level,0-1,0,Market Research; Data Collection; Data Analysis; Statistical Analysis; Regression Analysis; Consumer Behavior Analysis; Market Segmentation; Survey Design; Excel; Tableau; SPSS; Python; R; Data Visualization; Data Storytelling; Report Writing,,,
Market Research Analyst,Experienced,Mid-Level,03-Jan,3,Market Research; Data Analysis; Statistical Analysis; Regression Analysis; Consumer Insights; Competitive Analysis; Market Segmentation; Survey Design; Predictive Modeling; Excel; Power BI; Tableau; Python; R; SQL; Data Visualization; Report Writing,,,
Market Research Analyst,Experienced,Senior-Level,05-Oct,5,Market Research Strategy; Competitive Intelligence; Market Segmentation; Forecasting; Predictive Modeling; Advanced Analytics; Statistical Modeling; Business Strategy; Power BI; Tableau; Python; R; SQL; SAS; Data Visualization; Stakeholder Communication,,,
Marketing Specialist,Fresher,Entry-Level,0-1,0,Marketing; Content Marketing; Copywriting; Social Media Marketing; Social Media Management; SEO; SEM; PPC; Email Marketing; Google Analytics; Market Research; Marketing Analytics; Content Creation; Canva; Adobe Creative Suite; WordPress; Event Management,,,
Marketing Specialist,Experienced,Mid-Level,03-May,3,Marketing Strategy; Content Marketing; Social Media Marketing; SEO; SEM; PPC Campaigns; Email Marketing; Marketing Automation; Lead Generation; Lead Nurturing; Google Analytics; Tableau; Marketing Analytics; Brand Management; Multi-Channel Campaign Management; Budget Management,,,
Marketing Specialist,Experienced,Senior-Level,05-Jul,5,Marketing Strategy; Digital Marketing Strategy; SEO; SEM; PPC; Marketing Analytics; Google Analytics; Tableau; Marketing Automation; AI Marketing Tools; Brand Management; Budget and ROI Management; Lead Generation Strategy; Multi-Channel Campaign Management; Strategic Marketing Planning; Team Leadership,,,
Multi-Cloud Architect,Experienced,Senior-Level,9,9,AWS; Azure; GCP; Multi-Cloud Architecture; Cloud Networking; Kubernetes; Terraform; Infrastructure as Code; Microservices Architecture; DevOps Practices; Cloud Security; System Design; CI/CD,,,
Network Analyst,Fresher,Entry-Level,0-2,0,TCP/IP; DNS; Subnetting; Network Troubleshooting; Wireshark; Nagios; Network Monitoring; Routing Basics; Switching Basics,,,
Network Analyst,Experienced,Mid-Level,02-Jan,2,TCP/IP; DNS; Subnetting; Network Monitoring; Wireshark; Nagios; Routing; Switching; Firewall Management; Network Security; VPN; Performance Monitoring,,,
Network Analyst,Experienced,Senior-Level,06-Jan,6,TCP/IP; DNS; Network Architecture; Routing; Switching; Network Security; Firewall Management; VPN; Network Monitoring; Performance Optimization; Incident Management; Network Automation,,,
Network Automation Engineer,Fresher,Entry-Level,01-Jan,1,Python; Bash; Network Automation; Cisco IOS; Ansible; REST APIs; TCP/IP; Network Scripting; Git,,,
Network Automation Engineer,Experienced,Mid-Level,03-May,3,Python; Bash; Ansible; Network Automation; Cisco IOS; REST APIs; Network APIs; CI/CD; Network Configuration Management; TCP/IP; Git,,,
Network Automation Engineer,Experienced,Senior-Level,6,6,Python; Ansible; Network Automation; Cisco IOS; Network APIs; CI/CD; Infrastructure Automation; Network Architecture; Network Security; System Design; Performance Optimization,,,
Network Engineer,Fresher,Entry-Level,0-1,0,TCP/IP; Subnetting; Routing; Switching; LAN/WAN; DNS; DHCP; VPN; Cisco Networking; Network Monitoring; Network Troubleshooting; Wireshark; Nagios; SolarWinds; Firewall Management; Python; Bash; Incident Management,,,
Network Engineer,Experienced,Mid-Level,03-May,3,TCP/IP; BGP; OSPF; MPLS; LAN/WAN Design; QoS; Cisco Nexus; Cisco Prime; Network Monitoring; Nagios; SolarWinds; Python Automation; Network Security,,,
Network Engineer,Experienced,Senior-Level,05-Aug,5,Network Architecture; BGP; EIGRP; MPLS; SD-WAN; QoS; Cisco Nexus; Cisco ASA; Palo Alto Firewalls; F5 Load Balancer; VoIP; SIP; Zero Trust Security; Network Security; Project Management; Team Leadership,,,
Network Security Engineer,Fresher,Entry-Level,01-Jan,1,Network Security; Firewalls; IDS/IPS; VPN; TCP/IP; Network Monitoring; Wireshark; Cisco Networking; Security Monitoring; Vulnerability Assessment,,,
Network Security Engineer,Experienced,Mid-Level,04-Jun,4,Network Security; Cisco ASA; Firewalls; IDS/IPS; VPN; Cryptography; Network Monitoring; Vulnerability Management; Incident Response,,,
Network Security Engineer,Experienced,Senior-Level,6,6,Network Security Architecture; Firewalls; Cisco ASA; IDS/IPS; VPN; Cryptography; Zero Trust Security; Threat Detection; Network Security Automation; Security Governance,,,
Network Support Engineer,Fresher,Entry-Level,0-1,0,TCP/IP; Routing; OSPF; BGP; DNS; DHCP; VPN; Firewall Management; Network Troubleshooting; Network Monitoring; SolarWinds,,,
Operations Manager,Fresher,Entry-Level,0-1,0,Operations Management; Workflow Management; Team Coordination; Process Management; ERP Systems; CRM Systems; Data Reporting; Problem Solving; Communication; Collaboration; Time Management; Report Preparation,,,
Operations Manager,Mid-Level,Mid-Level,03-May,3,Operations Management; Process Improvement; Workflow Optimization; Budget Management; Resource Allocation; ERP Systems; CRM Systems; Data Analysis; KPI Monitoring; Scheduling; Cross-Functional Collaboration; Team Leadership,,,
Operations Manager,Experienced,Senior-Level,05-Aug,5,Operations Strategy; Process Optimization; Budget Management; Financial Reporting; Resource Optimization; ERP Systems; CRM Systems; KPI Monitoring; Lean Management; Six Sigma; Strategic Planning; Team Leadership; Staff Development,,,
Product Designer,Fresher,Entry-Level,0-1 Years,0,Figma; Sketch; Adobe XD; Adobe Illustrator; Adobe Photoshop; Prototyping; Wireframing; User Research; User Flows; Responsive Design; Design Systems; Information Architecture; Typography; Color Theory; A/B Testing; HTML; CSS; JavaScript,,,
Product Designer,Experienced,Mid-Level,3-5 Years,3,Figma; Sketch; Adobe XD; Adobe Illustrator; Adobe Creative Suite; Prototyping; Design Systems; Design Thinking; User Research; Usability Testing; A/B Testing; Accessibility; HTML; CSS; Data-Driven UX; Agile; Stakeholder Management; InVision; Marvel,,,
Product Designer,Experienced,Senior-Level,5+ Years,5,Product Design Strategy; Design Systems; Design Thinking; User Research; Usability Testing; A/B Testing; Data Analytics; Figma; Sketch; InVision; Agile; Stakeholder Management; Design Leadership; Cross-Functional Collaboration,,,
Product Manager,Fresher,Entry-Level,0-1,0,Product Management; Agile; Scrum; Kanban; Market Research; Competitive Analysis; Product Lifecycle; Product Strategy; Data Analysis; Excel; Google Analytics; UX Principles; Customer-Centric Design; Communication; Problem Solving; JIRA; Confluence; Figma,,,
Product Manager,Experienced,Mid-Level,03-May,3,Product Strategy; Product Roadmap; Agile; Scrum; Sprint Planning; Backlog Grooming; Stakeholder Management; Data Analysis; A/B Testing; Growth Metrics; Cross-Functional Leadership; UX Research; JIRA; Confluence; Tableau; Mixpanel; Figma,,,
Product Manager,Experienced,Senior-Level,05-Jul,5,Product Vision; Product Strategy; Product Roadmap; Agile Leadership; Data-Driven Decision Making; A/B Testing; Growth Optimization; Strategic Planning; Stakeholder Management; Cross-Functional Leadership; Performance Tracking; Resource Prioritization; JIRA; Confluence; Mixpanel; Tableau; Google Analytics,,,
Project Manager,Fresher,Entry-Level,0-1,0,Project Management; Agile; Scrum; Waterfall; Project Planning; Project Scheduling; Task Management; KPI Tracking; Budget Tracking; Resource Allocation; Reporting; Communication; Team Collaboration; Problem Solving; Jira; Trello; MS Project,,,
Project Manager,Experienced,Mid-Level,03-May,3,Project Planning; Project Scheduling; Budget Management; Resource Allocation; Risk Management; Change Management; Stakeholder Management; Cross-Functional Collaboration; Data-Driven Reporting; Team Leadership; Strategic Alignment; Jira; MS Project; Primavera,,,
Project Manager,Experienced,Senior-Level,05-Jul,5,Project Strategy; Project Lifecycle Management; Strategic Planning; Budget Management; Resource Allocation; Risk Management; Quality Management; Stakeholder Management; Cross-Functional Leadership; Data-Driven Decision Making; Performance Reporting; Team Leadership; Jira; MS Project; Primavera; Asana,,,
Python Developer,Fresher,Entry-Level,0-1,0,Python; OOP; Control Flow; Functions; Exception Handling; SQL; Git; Django; Flask; FastAPI; NumPy; Pandas; Matplotlib; MongoDB; HTML; CSS; JavaScript; PyTest; unittest,,,
Python Developer,Experienced,Mid-Level,3+,3,Python; Django; Flask; FastAPI; REST APIs; GraphQL; SQLAlchemy; Async Programming; Generators; Decorators; MySQL; PostgreSQL; NoSQL; Docker; Kubernetes; AWS; PyTest; Scikit-learn; TensorFlow; PyTorch,,,
Python Developer,Experienced,Senior-Level,5+,5,Python; Django; Flask; FastAPI; REST APIs; GraphQL; Async Programming; Metaprogramming; SQLAlchemy; MySQL; PostgreSQL; NoSQL; Docker; Kubernetes; AWS; Scikit-learn; TensorFlow; PyTorch; System Design; Project Management,,,
QA Engineer,Entry-Level,Entry-Level,0–1 year,0,Manual Testing; Functional Testing; Regression Testing; Black Box Testing; Selenium; Appium; Cucumber; Postman; SoapUI; JIRA; Bugzilla; TestRail; Test Documentation; Java; Python; JavaScript,,,
QA Engineer,Senior-Level,Mid-Level,4–8 years,4,Test Automation; Selenium; Appium; Cucumber; JUnit; TestNG; API Testing; Postman; SoapUI; Performance Testing; JMeter; CI/CD; Jenkins; GitLab CI/CD; Bamboo; JIRA; Bugzilla; TestRail; Java; Python; C#; JavaScript,,,
QA Engineer,Senior-Level,Senior-Level,5–9 years,5,Test Automation Strategy; Selenium; Appium; Cucumber; API Testing; Postman; SoapUI; Performance Testing; JMeter; LoadRunner; Security Testing; CI/CD; Jenkins; GitLab CI/CD; Bamboo; Test Management; JIRA; TestRail; Quality Engineering; Team Leadership,,,
Robotics Engineer,Fresher,Entry-Level,0-1,0,Python; C++; ROS; Arduino; Raspberry Pi; Embedded Systems; Sensor Integration; LIDAR Sensors; Ultrasonic Sensors; Infrared Sensors; Motor Control; PID Control; Kinematics; Dynamics; Linear Algebra; MATLAB; CAD; SolidWorks; AutoCAD,,,
Robotics Engineer,Experienced,Mid-Level,3+,3,Python; C++; ROS; Embedded Systems; Hardware Interfacing; Robotics Control Algorithms; Control Theory; Sensor Integration; LIDAR Sensors; Computer Vision; MATLAB; CAD; SolidWorks; Gazebo; RViz; Simulation Tools; Machine Learning for Robotics,,,
Robotics Engineer,Experienced,Senior-Level,5+,5,Robotics System Design; Control Systems; Robotics Control Algorithms; Sensor Fusion; Embedded Systems Design; Computer Vision; Machine Learning; ROS; Python; C++; MATLAB; Gazebo; RViz; Simulation Tools; CAD; SolidWorks; Hardware Debugging; Project Leadership,,,
SEO Specialist,Fresher,Entry-Level,0-2,0,SEO; On-Page SEO; Off-Page SEO; Technical SEO; Keyword Research; Link Building; Content Optimization; SEO Copywriting; Local SEO; Mobile SEO; Page Speed Optimization; Schema Markup; Google Analytics; Google Search Console; Looker Studio; HTML; CSS; JavaScript,,,
SEO Specialist,Mid-Level,Mid-Level,03-May,3,SEO Strategy; On-Page SEO; Off-Page SEO; Technical SEO; Content Strategy; Keyword Research; Link Building; Backlink Analysis; Local SEO Optimization; Page Speed Optimization; Schema Markup Implementation; Google Analytics GA4; Google Search Console; Looker Studio; Site Architecture Optimization; Voice Search Optimization; Visual Search Optimization,,,
SEO Specialist,Experienced,Senior-Level,05-Aug,5,SEO Strategy; Technical SEO; Content Strategy; Advanced On-Page SEO; Advanced Off-Page SEO; Link Building Strategy; Crawlability Optimization; Indexing Optimization; Site Architecture Optimization; Page Speed Optimization; Schema Markup; Google Analytics GA4; Google Search Console; Looker Studio; Voice Search Optimization; Visual Search Optimization; AI SEO Tools; SEO Analytics; Stakeholder Communication,,,
Sales Executive,Fresher,Entry-Level,0-1,0,Sales; Lead Generation; Customer Engagement; Product Demonstrations; Sales Closing; CRM; Salesforce; HubSpot; Negotiation; Relationship Management; Social Selling; Pipeline Management; Sales Forecasting; Communication; Active Listening,,,
Sales Executive,Experienced,Mid-Level,03-Jan,3,Sales Strategy; Lead Generation; Pipeline Management; Sales Closing; CRM; Salesforce; HubSpot; Relationship Management; Negotiation; Sales Forecasting; Customer Retention; Social Selling; Data-Driven Sales,,,
Sales Executive,Experienced,Senior-Level,05-Oct,5,Sales Strategy; Revenue Growth; Sales Forecasting; Data-Driven Sales; CRM; Salesforce; HubSpot; Relationship Management; Negotiation; Sales Automation; Predictive Analytics; Social Selling; Team Leadership,,,
Security & Network Engineer,Fresher,Entry-Level,0-1,0,TCP/IP; Network Security; Cisco Networking; Firewall Management; IDS/IPS; VPN; Network Monitoring; Wireshark,,,
Security Analyst,Fresher,Entry-Level,0-1,0,Network Security; Cryptography; Risk Assessment; Vulnerability Assessment; Linux; Windows Security; Python; Wireshark; Nessus; Snort; Metasploit; GDPR; ISO 27001,,,
Site Reliability Engineer,Fresher,Entry-Level,0-1,0,Linux; Bash Scripting; Python; Docker; Kubernetes; CI/CD; AWS; Azure; GCP; Prometheus; Grafana; Nagios; Networking; TCP/IP; DNS,,,
Site Reliability Engineer,Experienced,Mid-Level,3+,3,Linux Administration; Bash Scripting; Python; Go; Docker; Kubernetes; CI/CD Pipelines; Jenkins; GitHub Actions; AWS; Azure; GCP; Infrastructure as Code; Terraform; Ansible; Prometheus; Grafana; ELK Stack; Nagios; Networking; Load Balancing; Distributed Systems,,,
Site Reliability Engineer,Experienced,Senior-Level,5+,5,Site Reliability Engineering; Distributed Systems Architecture; Infrastructure Automation; Infrastructure as Code; Terraform; Ansible; Puppet; Docker; Kubernetes; CI/CD Pipelines; Jenkins; GitHub Actions; AWS; Azure; GCP; Monitoring; Prometheus; Grafana; ELK Stack; Splunk; Networking; Load Balancing; CDN; Security Compliance; Python; Go,,,
Software Developer,Fresher,Entry-Level,0–1 year,0,Programming; OOP; Java; Python; C++; JavaScript; TypeScript; HTML; CSS; SQL; Git; Agile; Scrum; Problem Solving; React; Node.js; Django,,,
Software Developer,Experienced,Mid-Level,3–5 years,3,Java; Python; C#; JavaScript; TypeScript; SQL; NoSQL; Git; Docker; CI/CD; AWS; Angular; React; Node.js; Kubernetes; Agile; Scrum,,,
Software Developer,Experienced,Senior-Level,5–7 years,5,Java; Python; C#; JavaScript; SQL; NoSQL; Docker; Kubernetes; CI/CD; AWS; Azure; Microservices; System Design; Agile; Scrum; Team Leadership,,,
Software Engineer,Fresher,Entry-Level,0-2,0,Programming; Data Structures; Algorithms; Java; Python; C++; JavaScript; HTML; CSS; SQL; NoSQL; Git; REST APIs; React; Angular; Node.js; Django; Responsive Design; Postman,,,
Software Engineer,Experienced,Mid-Level,3–5,3,Java; Python; JavaScript; TypeScript; SQL; NoSQL; Git; Docker; Kubernetes; CI/CD; AWS; Angular; React; Node.js; Django; Spring Boot; REST APIs; Debugging; Unit Testing; Agile,,,
Software Engineer,Experienced,Senior-Level,5–7,5,Java; Python; JavaScript; TypeScript; SQL; NoSQL; Git; Docker; Kubernetes; CI/CD; AWS; Microservices; System Design; REST APIs; React; Node.js; Spring Boot; Testing; Agile; Team Leadership; Mentoring,,,
Software Tester (SDET),Fresher,Entry-Level,0-1,0,Manual Testing; Functional Testing; Regression Testing; API Testing; Selenium WebDriver; Postman; Cypress; JMeter; Java; Python; C#; Jenkins; Agile; Scrum,,,
Software Tester (SDET),Experienced,Mid-Level,3+,3,Test Automation; Selenium WebDriver; Cypress; Appium; API Testing; Postman; Performance Testing; JMeter; Java; Python; C#; Jenkins; CI/CD; TestNG; Agile,,,
Software Tester (SDET),Experienced,Senior-Level,5+,5,Test Automation Strategy; Selenium WebDriver; Cypress; Appium; API Testing; Performance Testing; JMeter; CI/CD Pipelines; Jenkins; Azure DevOps; TestNG; Java; Python; C#; Defect Management; QA Metrics; Agile Leadership,,,
Solutions Architect,Fresher,Entry-Level,0-1,0,Cloud Architecture; AWS; Azure; GCP; Docker; Kubernetes; CI/CD; Microservices; Java; Python; Node.js; Security Fundamentals; System Design; Git,,,
Solutions Architect,Experienced,Mid-Level,3+,3,Cloud Architecture; AWS; Azure; GCP; Docker; Kubernetes; CI/CD Pipelines; Terraform; CloudFormation; Microservices; System Design; Security Compliance; Java; Python; Node.js; Stakeholder Management; Project Leadership,,,
Solutions Architect,Experienced,Senior-Level,5+,5,Enterprise Architecture; Cloud Architecture; AWS; Azure; GCP; Kubernetes; Docker; Terraform; CloudFormation; Microservices Architecture; System Design; Security Compliance; Distributed Systems; CI/CD Pipelines; Stakeholder Management; Project Leadership; Technical Leadership,,,
Swift Developer,Fresher,Entry-Level,0,0,Swift; Objective-C; iOS Development; UIKit; SwiftUI; Xcode; Git; REST APIs; Auto Layout; UI/UX Guidelines,,,
System Engineer,Fresher,Entry-Level,0-1,0,Linux; Windows Server; Networking; TCP/IP; Cloud Computing; AWS; Azure; Bash Scripting; Python; VMware; VirtualBox; Monitoring Tools,,,
System Engineer,Experienced,Mid-Level,03-May,3,Linux Administration; Windows Server; Networking; AWS; Azure; Docker; Kubernetes; VMware; Hyper-V; Ansible; Terraform; Python Scripting; CI/CD; Monitoring Tools; Grafana; Nagios; Active Directory,,,
System Engineer,Experienced,Senior-Level,05-Jul,5,System Architecture; Cloud Strategy; AWS; Azure; Kubernetes; Docker; Terraform; Ansible; Linux Administration; Windows Server; Active Directory; Networking; Security Compliance; Monitoring; Grafana; Nagios; Python; PowerShell; Enterprise Architecture; Leadership,,,
System Security Engineer,Experienced,Senior-Level,5+,5,AWS IAM; Security Compliance; Firewall Management; Linux Security; PowerShell; System Security; Vulnerability Management; Security Monitoring,,,
Technical Writer,Fresher,Entry-Level,0-1,0,Technical Writing; Editing; Proofreading; Technical Documentation; Markdown; HTML; CSS; XML; CMS; Version Control; Adobe FrameMaker; MadCap Flare; API Documentation; Research; SME Interviews,,,
Technical Writer,Mid-Level,Mid-Level,03-May,3,Technical Writing; Technical Documentation; Editing; Proofreading; Agile Documentation; CMS; Version Control; Adobe FrameMaker; MadCap Flare; HTML; CSS; XML; API Documentation; Structured Authoring,,,
Technical Writer,Experienced,Senior-Level,05-Oct,5,Technical Writing; Technical Documentation; API Documentation; Structured Authoring; UX Documentation; CMS; Version Control; Adobe FrameMaker; MadCap Flare; HTML; CSS; XML; Documentation Strategy; AI Documentation Tools,,,
Test Automation Engineer,Entry-Level,Entry-Level,0–1 year,0,Manual Testing; Functional Testing; Regression Testing; Black Box Testing; Selenium WebDriver; Appium; Cypress; Postman; TestNG; Java; Python; JIRA; Bugzilla; Test Case Writing; Test Documentation,,,
Test Automation Engineer,Mid-Senior Level,Mid-Level,4–7 years,4,Manual Testing; Functional Testing; Regression Testing; Black Box Testing; Selenium WebDriver; Appium; Cypress; Postman; TestNG; Java; Python; JIRA; Bugzilla; Test Case Writing; Test Documentation,,,
Test Automation Engineer,Senior-Level,Senior-Level,6–10 years,5,Automation Framework Design; Selenium WebDriver; Appium; Cucumber; RestAssured; JMeter; LoadRunner; Jenkins; GitLab CI/CD; Docker; Java; Python; C#; TestNG; JIRA; TestRail; ALM,,,
UI Designer,Fresher,Entry-Level,0,0,UI Design; Wireframing; Prototyping; Responsive Design; Color Theory; Typography; Accessibility; Interaction Design; Usability Testing; Figma; Sketch; Adobe XD; Illustrator; Photoshop; InVision; HTML; CSS; Branding,,,
UI Designer,Experienced,Mid-Level,3,3,UI Design; Design Systems; Prototyping; Responsive Design; Accessibility; Interaction Design; Micro-Interactions; Usability Testing; User Flows; A/B Testing; Animation; Figma; Sketch; Adobe XD; After Effects; InVision; HTML; CSS; JavaScript,,,
UI Designer,Experienced,Senior-Level,5,5,UI Design; Design Systems; Interaction Design; Micro-Interactions; Accessibility; Usability Testing; User Experience Strategy; Figma; Sketch; Adobe XD; InVision; Prototyping; Team Leadership,,,
UX Analyst,Fresher,Entry-Level,0-1,0,User Research; Usability Testing; Wireframing; Prototyping; User Journey Mapping; UX Metrics; Data Analysis; Figma; InVision,,,
UX Architect,Experienced,Senior-Level,08-Oct,8,UX Architecture; UX Strategy; Information Architecture; Design Systems; Interaction Design; Prototyping; Accessibility; WCAG; Figma; Agile UX,,,
UX Designer,Fresher,Entry-Level,0-1,0,UX Design; User Research; Usability Testing; Wireframing; Prototyping; User Flows; Information Architecture; Color Theory; Typography; Layout Design; Figma; Sketch; Adobe XD; InVision; HTML; CSS,,,
UX Designer,Experienced,Mid-Level,4 years,4,UX Design; User Research; Usability Testing; Interaction Design; Journey Mapping; A/B Testing; Design Systems; Prototyping; Information Architecture; Figma; Sketch; Adobe XD; InVision; Axure; Analytics; Accessibility,,,
UX Designer,Experienced,Senior-Level,05-Jul,5,UX Strategy; UX Research; Interaction Design; Journey Mapping; Design Systems; Accessibility; WCAG Standards; A/B Testing; Analytics; Prototyping; Figma; Sketch; Adobe XD; InVision; Axure; Principle; Agile UX; Leadership; Team Leadership,,,
Vibe Coder,Junior,Entry-Level,0-1,0,AI Coding Assistants; ChatGPT; GitHub Copilot; Prompt Engineering; Python; JavaScript; HTML; CSS; React; Vue.js; Debugging; Code Review; Agile; Git,,,
Vibe Coder ,Experienced,Mid-Level,4,4,AI Coding Assistants; Prompt Engineering; Python; JavaScript; React; Vue.js; Debugging; Code Review; Agile; Git; CI/CD; Application Development; AI Code Debugging,,,
Vibe Coder,Senior,Senior-Level,5+,5,AI Coding Assistants; Prompt Engineering; Python; JavaScript; React; Vue.js; AI Code Debugging; AI-Assisted Development Workflows; Agile Leadership; Code Review; Technical Mentorship; Project Leadership,,,
Web Developer,Fresher,Entry-Level,0-1,0,HTML5; CSS3; JavaScript; AJAX; JSON; Responsive Design; Git; REST APIs; React; Angular; Vue.js; Node.js; MongoDB; SQL; PHP; Python; UI/UX Fundamentals,,,
Web Developer,Experienced,Mid-Level,3+,3,JavaScript; TypeScript; Angular; React; Vue.js; Node.js; Express.js; Django; GraphQL; REST APIs; MongoDB; SQL; Redis; Docker; Kubernetes; CI/CD; AWS; Git; Jest; Enzyme,,,
Web Developer,Experienced,Senior-Level,5+,5,JavaScript; TypeScript; Angular; React; Vue.js; Node.js; Express.js; Django; GraphQL; REST APIs; MongoDB; SQL; Redis; Docker; Kubernetes; CI/CD; AWS; Git; Jest; Enzyme; Web Architecture; Performance Optimization,,,
iOS App Developer,Fresher,Entry-Level,0,0,Swift; Objective-C; iOS Development; UIKit; Cocoa Touch; Core Data; Core Animation; Xcode; MVC; Firebase; Git; Debugging,,,
iOS Architect,Experienced,Senior-Level,5+ years,5,iOS Architecture; Swift; Objective-C; MVVM; MVP; Design Patterns; Mobile System Design; CI/CD; Performance Optimization; Core Animation,,,
iOS Developer,Fresher,Entry-Level,0,0,Swift; Objective-C; UIKit; Cocoa Touch; MVC; MVVM; REST APIs; JSON; Xcode; Interface Builder; iOS Simulator; Git; App Store Submission; UI/UX Design,,,
iOS Developer,Experienced,Mid-Level,3 years,3,Swift; Objective-C; MVVM; REST APIs; GraphQL; Core Data; CI/CD; Git; GitHub Actions; Xcode,,,
iOS Developer,Experienced,Senior-Level,5+ years,5,Swift; Objective-C; MVVM; REST APIs; Core Data; Core Animation; CI/CD; App Performance Optimization; Agile; Scrum; Xcode,,,
iOS Engineer,Fresher,Entry-Level,0,0,Swift; Objective-C; UIKit; REST APIs; JSON; Git; Xcode,,,
iOS Engineer,Experienced,Mid-Level,4 years,4,Swift; Objective-C; MVVM; Core Data; Core Animation; GraphQL; REST APIs; CI/CD; Jenkins; Crashlytics; Git; Xcode; Agile,,,
iOS Engineer,Experienced,Senior-Level,5,5,Swift; Objective-C; MVVM; Core Data; Core Animation; Firebase; Crashlytics; REST APIs; CI/CD; App Performance Optimization; Unit Testing; Agile; Xcode,,,
iOS Solutions Engineer,Fresher,Entry-Level,1,1,Swift; Objective-C; UIKit; REST APIs; JSON; Git; Xcode; iOS Simulator,,,
iOS Solutions Engineer,Experienced,Mid-Level,3-5 years,3,Swift; Objective-C; UIKit; Core Data; REST APIs; GraphQL; Performance Optimization; Instruments; Git; Xcode,,,
iOS Solutions Engineer,Experienced,Senior-Level,6,6,Swift; Objective-C; MVVM; Core Data; REST APIs; GraphQL; CI/CD; Performance Optimization; Instruments; Firebase; Git; Xcode,,,
