Title,ExperienceLevel,ExperienceLevel_Category,YearsOfExperience,YearsOfExperience_Min,All_Skills
.NET Developer,Fresher,Entry-Level,0-1,0,.NET Core; .NET Core basics; .NET Core fundamentals; .NET Framework; .NET Framework basics; ASP.NET; ASP.NET MVC; ASP.NET basics; C#; CSS; Entity Framework basics; Git; HTML; JavaScript basics; LINQ; MVC; NUnit basics; Razor; SQL Server; Unit Testing basics; VB.NET; VB.NET basics; Visual Studio
.NET Developer,Experienced,Mid-Level,3+,3,.NET Core; ASP.NET Core; ASP.NET MVC; Azure; Azure DevOps; C#; Design Patterns; Docker; Entity Framework; Moq; NoSQL; REST APIs; SOLID Principles; SQL Server; SignalR; Testing with NUnit; Testing with xUnit; WebAPI; gRPC
.NET Developer,Experienced,Senior-Level,5+,5,.NET Core; ASP.NET Core; ASP.NET MVC; Angular; Azure; Azure DevOps; Blazor; C#; CI/CD; Dapper; Docker; Entity Framework; F#; Kubernetes; Microservices; REST APIs; SOLID Principles; SQL Server
AI Engineer,Entry-Level,Entry-Level,0–1 year,0,C++; Classification; Clustering; Java; Keras; MongoDB; NLTK; Neural Networks; NoSQL; NumPy; OpenCV; Pandas; PyTorch; Python; R; Regression; SQL; Scikit-learn; Supervised/Unsupervised Learning; TensorFlow
AI Engineer,Mid-Senior Level,Mid-Level,3–6 years,3,AWS; Apache Spark; Azure; C++; CI/CD; Computer Vision; Deep Learning; Docker; GCP; Generative AI; Hadoop; Hugging Face Transformers; Java; Kubernetes; LIME; LLMs; MLOps; Model Monitoring; NLP; ONNX; PyTorch; Python; R; Reinforcement Learning; SHAP; Scikit-learn; Spark; TensorFlow
AI Engineer,Senior-Level,Senior-Level,5+ years,5,AWS; Azure; C++; CI/CD; Computer Vision; Deep Learning; Docker; GCP; Generative AI; Hadoop; Hugging Face; Hugging Face Transformers; Java; Keras; Kubernetes; LIME; LLMs; NLP; ONNX; PyTorch; Python; R; Reinforcement Learning; SHAP; Scikit-learn; Spark; TensorFlow
AI Prompt Engineer,Fresher,Entry-Level,0-1,0,Collaboration; Communication; Creativity; Critical thinking; GPT model exposure; GPT models intro; Hugging Face Transformers basics; Hugging Face basics; Intro NLP; Intro to NLP; Introductory NLP; JavaScript basics; NLP basics; NLP introduction; NLTK basics; OpenAI GPT basics; OpenAI GPT intro; OpenAI GPT model basics; OpenAI GPT models exposure; OpenAI GPT models intro; Problem-solving; Prompt writing; Prompt writing fundamentals; PyTorch basics; Python basics; SpaCy basics; Teamwork; TensorFlow basics
AI Prompt Engineer,Experienced,Mid-Level,3+,3,"API integration (OpenAI/Azure); Advanced NLP; Advanced Python; Advanced prompt design (chain-of-thought, iterative optimization); Azure Cognitive Services; Chain-of-thought prompting; Chain-of-thought prompts; Collaboration; Communication; Creativity; Critical thinking; Data analysis; Data analytics; Data visualization; Deep NLP expertise; Hugging Face; Hugging Face Transformers; Iterative prompt design; Iterative prompt optimization; JavaScript; JavaScript advanced; LLM tuning; Leadership; Machine learning analysis; Machine learning for prompt tuning; NLP frameworks; NLP techniques; OpenAI API; Problem-solving; Prompt chain-of-thought; Prompt design optimization; Prompt iterative optimization; Prompt optimization techniques; PyTorch; Python; Python advanced; TensorFlow"
AI/ML Engineer,Senior,Senior-Level,6+,6,"Advanced ML/DL: deep learning, reinforcement learning, NLP, computer vision, transfer learning; Big data: Hadoop, Spark; Feature engineering, ETL pipelines; Frameworks: TensorFlow, PyTorch, Keras, Scikit-learn (advanced), ONNX; Java; MLOps: CI/CD pipelines, monitoring, cloud deployment (AWS/GCP/Azure); Python; R; SQL; Scala"
AR/VR Developer,Fresher,Entry-Level,0-1,0,3D modeling basics; 3D modeling fundamentals; ARCore basics; ARKit basics; Blender basics; Blender/Maya basics; C# basics; C++ basics; Communication; Creativity; JavaScript basics; Maya basics; Motion tracking basics; Problem-solving; Spatial computing basics; Teamwork; UI/UX fundamentals; Unity basics; Unreal Engine basics
AR/VR Developer,Experienced,Mid-Level,3+,3,3D modeling/animation advanced; ARCore advanced; ARKit advanced; C# advanced; C++ advanced; Cross-platform development; Hardware integration; JavaScript advanced; Leadership; Performance optimization; Python basics; Spatial computing; UI/UX design advanced; Unity advanced; Unreal Engine advanced; Vuforia
AR/VR Developer,Experienced,Senior-Level,5+,5,"3D modeling and animation expert; 3D modeling and graphics; 3D modeling/animation advanced; 3D modeling/animation expert; ARKit, ARCore, Vuforia; Advanced 3D graphics; Advanced 3D modeling and animation; Advanced 3D modeling/animation; C++, C# advanced; C++, C# expert; Collaboration; Cross-platform deployment; Cross-platform development; Cross-platform optimization; Gesture and motion tracking; Gesture/motion tracking; Hardware integration; JavaScript advanced; Leadership; Machine learning basics; Performance optimization; Performance tuning; Project coordination; Project management; Python basics; Spatial computing; Team collaboration; Team management; UI/UX advanced; UI/UX design advanced; UI/UX design expert; UI/UX expert; Unity, Unreal Engine advanced; Unity, Unreal Engine expert"
Android App Developer,Fresher,Entry-Level,0,0,Android Studio; Git; Java; Kotlin; MVC; REST API; REST APIs; SQLite; UI/UX Basics; XML
Android Architect,Experienced,Senior-Level,5+ years,5,Android Studio; CI/CD; Clean Architecture; Dagger; Firebase; Java; Jetpack; Kotlin; MVVM; Performance Optimization; Room; Unit Testing
Android Developer,Fresher,Entry-Level,0,0,Android Studio; Firebase; Git; Java; Jetpack; Kotlin; MVC; MVVM; Material Design; REST API; REST APIs; Room; SQLite; UI/UX Basics; UI/UX Design; Unit Testing; XML
Android Developer,Experienced,Mid-Level,3-4 years,3,Android Studio; CI/CD; Clean Architecture; Dagger; Firebase; Java; Kotlin; MVVM; REST APIs; Room; Unit Testing
Android Developer,Experienced,Senior-Level,5+ years,5,Android Studio; CI/CD; Clean Architecture; Dagger; Firebase; Java; Jetpack; Kotlin; MVVM; Room; Unit Testing
Android Engineer,Fresher,Entry-Level,0,0,Android Studio; Git; Java; Kotlin; REST APIs; SQLite; UI/UX Basics; XML
Android Engineer,Experienced,Mid-Level,4-5 years,4,Android Studio; CI/CD; Clean Architecture; Dagger; Firebase; Java; Jetpack; Kotlin; MVVM; Performance Optimization; Room; Unit Testing
Android Engineer,Experienced,Senior-Level,5+ years,5,Android Studio; CI/CD; Clean Architecture; Dagger; Firebase; Java; Jetpack; Kotlin; MVVM; Performance Optimization; Room; Unit Testing
Android Solutions Architect,Experienced,Senior-Level,5+ years,5,Android Studio; CI/CD; Clean Architecture; Dagger; Firebase; Java; Jetpack; Kotlin; MVVM; Performance Optimization; Room; Unit Testing
Android Solutions Engineer,Experienced,Mid-Level,3-5 years,3,Android Studio; CI/CD; Clean Architecture; Firebase; Java; Jetpack; Kotlin; MVVM; REST APIs; Room; Unit Testing
Associate Cloud Architect,Fresher,Entry-Level,0-1,0,AWS basics; Azure basics; Cloud database basics; Docker; Linux administration
Automation Specialist,Experienced,Mid-Level,4-6,4,Ansible; Bash; Linux; Python; VMware
BI Analyst,Entry-Level,Entry-Level,0–1 year,0,Basic data analysis; Basic statistical analysis; Basic statistics; Business acumen; Business metrics awareness; Business process knowledge; Data analysis; ETL awareness; ETL knowledge; ETL process awareness; ETL process knowledge; ETL process understanding; ETL understanding; Excel; Excel charts; Excel charts and dashboards; Excel charts and pivot tables; Excel dashboards; Excel visualization; KPI knowledge; KPI understanding; MySQL; MySQL basics; MySQL/PostgreSQL; PostgreSQL; PostgreSQL basics; Power BI; SQL; SQL querying; Statistics; Tableau
BI Analyst,Senior-Level,Mid-Level,4–8 years,4,Advanced analytics; Data governance; Data modeling; ETL pipelines; Forecasting; KPI development; Looker; Power BI; Predictive modeling; QlikView; Redshift; SQL; Snowflake; Tableau
BI Analyst,Senior-Level,Senior-Level,5–9 years,5,Advanced BI modeling; Advanced Tableau; Complex SQL queries; Data integration; Data modeling; ETL pipeline design; ETL pipeline management; ETL pipelines; Forecasting; KPI and performance metrics development; KPI definition; KPI development; KPI monitoring; KPI strategy; Looker; Power BI; Predictive analytics; Predictive modeling; QlikView; Redshift; SQL; SQL & Database management; SQL optimization; SQL queries; Snowflake; Tableau
Backend Developer,Fresher,Entry-Level,0–1 year,0,Agile; CI/CD basics; Cloud Basics; Django; Docker; Express.js; Flask; Git; GraphQL basics; Java; MongoDB; MySQL; Node.js; PostgreSQL; Python; RESTful API; Redis
Backend Developer,Experienced,Mid-Level,3–5 years,3,AWS; Agile; Azure; CI/CD; Cloud; Cloud Platforms; Django; Docker; Express.js; Flask; Git; Go; GraphQL; Java; Kubernetes; Microservices; MongoDB; MySQL; Node.js; PostgreSQL; Python; RESTful API; Redis; Spring Boot; gRPC
Backend Developer,Experienced,Senior-Level,5+ years,5,AWS; Agile; Azure; CI/CD; Cloud; Django; Docker; Express.js; Flask; GCP; Git; Go; GraphQL; HIPAA compliance; Java; Kubernetes; Microservices; MongoDB; MySQL; Node.js; PostgreSQL; Python; RESTful API; Redis; Security; Spring Boot; gRPC
Big Data Specialist,Fresher,Entry-Level,0-1,0,"Analytical thinking; Apache NiFi; Apache NiFi basics; Apache Spark basics; Curiosity; ETL basics; ETL concepts; Hadoop (HDFS, Hive, MapReduce); Hadoop (HDFS, MapReduce, Hive); Hadoop (HDFS, MapReduce, Hive, Pig); Hadoop basics; Hadoop ecosystem basics; Java basics; Linux/Unix basics; NoSQL basics; NoSQL basics (MongoDB, HBase); Problem-solving; Python basics; SQL basics; Scala basics; Spark basics; Talend; Talend basics; Teamwork"
Big Data Specialist,Experienced,Mid-Level,3+,3,AWS; AWS big data services; Azure; Azure big data services; BigQuery; Collaboration; Data governance; Flink; GCP; GCP big data services; Hadoop; Hadoop ecosystem; Java; Java advanced; Kafka; Leadership; MLlib; MLlib basics; Power BI; Python; Python advanced; QlikView; Redshift; Scala; Scala advanced; Snowflake; Spark Streaming; Tableau; Team leadership; TensorFlow basics
Big Data Specialist,Experienced,Senior-Level,5+,5,AWS; Azure; BigQuery; Collaboration; Data governance; Flink; GCP; Hadoop; Java; Kafka; Leadership; MLlib; Power BI; Python; QlikView; Redshift; Scala; Snowflake; Spark Streaming; Tableau; TensorFlow basics
Blockchain Developer,Fresher,Entry-Level,0-1,0,Adaptability; C++ basics; Collaboration; Communication; Corda; Corda basics; Cryptography basics; Cryptography fundamentals; DApps basics; DApps fundamentals; Ethereum; Ethereum basics; Ethereum fundamentals; Git; Git basics; Hyperledger; Hyperledger basics; Java basics; Problem-solving; Python basics; Remix IDE; Remix IDE basics; Smart contract development; Smart contract development and testing; Smart contract implementation; Smart contract testing; Smart contracts; Smart contracts basics; Solidity basics; Teamwork; Truffle; Truffle basics
Blockchain Developer,Experienced,Mid-Level,3+,3,Cloud integration; Collaboration; Corda; Cross-chain development; Cross-chain interoperability; Cryptography advanced; Ethereum; Gas optimization; Git advanced; Hyperledger; Hyperledger Fabric; Java advanced; Leadership; Mentoring; Problem-solving; Python advanced; Remix IDE advanced; Rust basics; Scalable DApps; Smart contract optimization; Smart contract security audits; Solidity advanced; Truffle advanced
Blockchain Developer,Experienced,Senior-Level,5+,5,Cloud integration; Corda; Cross-chain; Cross-chain interoperability; Cross-chain solutions; Cryptography; Cryptography advanced; Cryptography expert; Ethereum; Ethereum multi-chain; Gas optimization; Hyperledger; Hyperledger Fabric; Hyperledger advanced; Innovation; Innovation management; Innovation strategies; Java advanced; Leadership; Mentoring; Mentorship; Project management; Python advanced; Rust basics; Scalable DApps; Smart contract optimization; Smart contract optimization and security audits; Smart contract security audits; Solidity advanced; Stakeholder collaboration; Team collaboration; Team management
Business Analyst,Fresher,Entry-Level,0-1,0,Advanced data analysis; Agile fundamentals; Agile methodologies; Agile methodology; Agile methodology awareness; Agile project management; Basic data analysis; Business process mapping; Business process modeling; Collaboration; Communication; Critical thinking; Data analysis; Data analysis basics; Data interpretation; Data storytelling; Documentation; Excel; Power BI; Power BI basics; Problem-solving; Requirement documentation; Requirement gathering; Research; Research skills; SQL; SQL basics; Stakeholder communication; Tableau; Tableau basics; Team collaboration
Business Analyst,Experienced,Senior-Level,5-8,5,AI-driven analytics; AI-enhanced analytics; AI-powered analytics; Advanced SQL; Advanced analytics; Advanced data analysis; Agile leadership; Agile methodology; Agile project management; Business Intelligence; Business intelligence; Business process optimization; Data analysis; Excel; Power BI; Requirement elicitation; Requirement gathering; Requirement management; SAS; SQL; Stakeholder engagement; Stakeholder management; Strategic planning; Tableau
Cloud Architect,Fresher,Entry-Level,0,0,AWS fundamentals; Azure basics; Bash scripting; Cloud security fundamentals; Docker introduction; GCP basics; Kubernetes basics; Python basics
Cloud Architect,Experienced,Senior-Level,7,6,AWS; AWS multi-cloud; Ansible; Azure; Azure networking; CI/CD; CI/CD pipelines; Cloud networking; Cloud strategy; CloudFormation; DevOps automation; Docker Swarm; Hybrid cloud; Kubernetes; Kubernetes orchestration; Leadership; Multi-cloud architecture; Python; SDN; Security integration; Serverless computing; Terraform
Cloud Automation Engineer,Experienced,Senior-Level,5,5,AWS; Ansible; CloudFormation; Kubernetes; Python; Terraform
Cloud Cost Optimization Architect,Experienced,Senior-Level,7,7,AWS; Azure; Cloud cost management; Python; Terraform
Cloud Engineer,Fresher,Entry-Level,0-1,0,"AWS; AWS CodePipeline; AWS basics; Azure; Azure basics; Bash; Basic networking; CI/CD introduction; Cloud networking; Cloud storage basics; CloudFormation basics; CloudWatch; Docker basics; Docker/Kubernetes; Docker/Kubernetes fundamentals; GCP; GCP basics; Git; Git/GitHub; Git/GitHub/GitLab; GitHub Actions; IAM basics; IAM fundamentals; Jenkins; Jenkins/GitHub Actions; Kubernetes basics; Kubernetes fundamentals; Monitoring fundamentals; Monitoring: CloudWatch, Azure Monitor; Monitoring: CloudWatch, Prometheus; Monitoring: CloudWatch, Prometheus, Azure Monitor; Prometheus; Python; Python scripting; Python/Bash scripting; Shell scripting; Terraform basics; Terraform/CloudFormation awareness; Terraform/CloudFormation basics; Terraform/CloudFormation knowledge; VPC; VPN"
Cloud Engineer,Experienced,Mid-Level,3,3,"AWS; AWS advanced; Ansible; Azure; Azure advanced; Bash; CI/CD pipelines; CircleCI; Cloud Security: IAM, RBAC, encryption, compliance; Cloud security compliance; CloudFormation; Database & Storage: SQL, NoSQL, S3, Azure Blob Storage; Docker Swarm; GCP advanced; GitLab CI; Helm; Jenkins; Kubernetes; Monitoring & Logging: CloudWatch, Prometheus, ELK; Networking: VPC, load balancers, DNS, firewall rules; PowerShell; Python; Python scripting; Terraform"
Cloud Engineer,Senior-Level,Senior-Level,5–9 years,5,"AWS; AWS advanced; Ansible; Azure; Azure advanced; Bash; CI/CD; CI/CD: Jenkins, GitLab CI, CircleCI; Cloud Security; CloudFormation; Docker Swarm; Docker/Kubernetes; GCP; GCP advanced; Helm; Kubernetes; Monitoring; Monitoring/Logging: CloudWatch, Prometheus, ELK; Monitoring: CloudWatch, Prometheus, ELK; Networking; Networking & Storage; PowerShell; Python; Python/Bash/PowerShell; SQL, NoSQL, S3, Azure Blob; Scripting: Python, Bash, PowerShell; Storage; Terraform; Terraform/CloudFormation/Ansible"
Cloud Infrastructure Security Architect,Experienced,Senior-Level,9,9,AWS; Azure; Cloud security; Compliance; Encryption; IAM; Kubernetes; Terraform
Cloud Migration Specialist,Experienced,Mid-Level,4,4,AWS; Azure; Cloud migration; Database migration; GCP; Python; Terraform
Cloud Network Engineer,Experienced,Mid-Level,3-5,3,AWS Networking; Automation with Ansible; Azure Networking; Load Balancers; VPC
Cloud Security Analyst,Experienced,Mid-Level,4-7,4,AWS Security; Azure Security; Firewall Management; GCP Security; Incident Response; SIEM Tools
Cloud Security Architect,Experienced,Senior-Level,6,6,AWS; Azure; Cloud security; Compliance frameworks; Encryption; IAM; Python scripting
Cloud Solutions Architect,Experienced,Senior-Level,10,10,Cloud cost optimization; Microservices design; Multi-cloud strategy; Python; Serverless architecture; Stakeholder management; Terraform
Cloud Solutions Associate,Fresher,Entry-Level,0-1,0,Cloud storage basics; Docker; Java basics; Linux administration; Networking fundamentals; Terraform basics
Content Writer,Fresher,Entry-Level,0-2,0,AI content tools; AI content tools awareness; AI tool awareness; AI tools exposure; AI writing tool exposure; AI writing tools awareness; AI-assisted content creation; AI-assisted content tools; Adaptable tone and style; Adaptation of tone and style; Advanced writing and editing; Advanced writing skills; Basic SEO; Basic SEO knowledge; Basic writing and grammar; Blog and article writing; CMS basics; CMS familiarity; CMS proficiency; CMS tools; Clarity in writing; Collaboration; Collaboration with marketing teams; Communication skills; Content creation; Content formatting; Content research; Content strategy support; Creativity; Digital marketing awareness; Digital marketing basics; Digital marketing knowledge; Editing and proofreading; Fact-checking; Grammar and punctuation; Keyword usage; Multi-format content creation; Proofreading; Research; Research and fact-checking; Research skills; SEO basics; SEO fundamentals; SEO optimization; Social media content; Time management; Tone and style adaptation; WordPress basics; WordPress or CMS proficiency; Writing and grammar; Writing clarity; Writing clarity and grammar
Content Writer,Mid-Level,Mid-Level,3-5,3,"AI content tools; Advanced writing and editing; Analytics basics; CMS and AI tools; CMS tools; Collaboration; Collaboration and teamwork; Content optimization; Content strategy development; Content strategy planning; Digital marketing tools (GA, SEMrush); Fact-checking and research; Multi-format content creation; Multi-format content creation (blogs, social media, video scripts); Research and fact-checking; SEO keyword research; Time management"
Content Writer,Experienced,Senior-Level,5-8,5,"AI-assisted content creation; AI-assisted content optimization; AI-assisted writing; Advanced SEO; Advanced SEO and analytics; Advanced SEO and keyword optimization; Advanced SEO skills; Advanced SEO techniques; Advanced content strategy; Advanced writing and editing; Analytics and KPI tracking; Analytics and performance measurement; Brand voice consistency; CMS and AI writing tools; Collaboration and mentoring; Collaboration and team management; Collaboration with cross-functional teams; Collaboration with marketing and design teams; Collaboration with teams; Comprehensive content strategy; Content calendar management; Content marketing; Content strategy; Content strategy development; Content strategy leadership; Cross-functional collaboration; Digital marketing tools; Digital marketing tools (GA, SEMrush, HubSpot); Digital marketing tools (GA4, SEMrush, HubSpot); Digital marketing tools (Google Analytics, SEMrush); Digital marketing tools (Google Analytics, SEMrush, HubSpot); Digital marketing tools proficiency; Editing and fact-checking; Editing and proofreading; Fact-checking and research; KPI tracking; Multi-format content creation; Multi-format content creation (blogs, whitepapers, social media, scripts); Performance tracking; Performance tracking and KPI analysis; Project management; Project management for content initiatives; SEO and keyword optimization; SEO and keyword research; SEO optimization and backlinking"
Copywriter,Fresher,Entry-Level,0-1,0,"AI writing tool awareness; AI writing tools; AI writing tools awareness; AI-assisted content creation; AI-assisted content tools; AI-assisted writing tools; Adaptable writing style; Advanced copywriting; Basic SEO; Basic SEO knowledge; Basic SEO practices; Brand voice consistency; CMS basics (WordPress, HubSpot); CMS familiarity; CMS proficiency; CMS usage; Clear and persuasive writing; Collaboration; Collaboration with marketing teams; Communication; Content adaptation for brand voice; Content editing and proofreading; Content research; Content research and accuracy; Creativity; Creativity and storytelling; Digital marketing channel familiarity; Digital marketing familiarity; Digital marketing tools; Editing and proofreading; Email and social media familiarity; Familiarity with digital marketing channels; Grammar and punctuation; Grammar and punctuation mastery; Persuasive copywriting; Persuasive writing; Proofreading and editing; Research and accuracy; Research and fact-checking; SEO basics; SEO optimization; Storytelling; Storytelling and creativity; Strategic copywriting; Team collaboration; Time management; Tone and style adaptation"
Copywriter,Mid-Level,Mid-Level,3-5,3,AI-assisted writing tools; Advanced SEO; Advanced copywriting; Brand voice alignment; Brand voice consistency; CMS and AI tools; CMS and AI tools proficiency; CMS proficiency; Collaboration; Collaboration and communication; Content research; Content research and accuracy; Creativity; Digital marketing expertise; Digital marketing knowledge; Editing and proofreading; SEO and keyword optimization; SEO optimization; Storytelling; Strategic copywriting; Time management
Copywriter,Experienced,Senior-Level,5-8,5,AI content tools; AI-assisted content creation; AI-assisted content optimization; AI-assisted content tools; AI-assisted writing; AI-assisted writing tools; Advanced SEO; Advanced SEO and analytics; Advanced copywriting; Advanced copywriting and editing; Analytics and KPI tracking; Brand consistency; Brand messaging; Brand messaging and consistency; Brand voice alignment; Brand voice consistency; Collaboration and leadership; Content strategy; Digital marketing channels and tools; Digital marketing integration; Digital marketing strategy; Digital marketing tools; Editing and proofreading; KPI analysis; Leadership; Leadership and mentoring; Multi-format content creation; Multi-format copywriting; Performance measurement; Performance tracking; Project and performance management; Project management; SEO and analytics expertise; SEO optimization; SEO optimization and analytics; Strategic content planning; Strategic copywriting; Team leadership; Team leadership and collaboration; Time management
Cyber Defense Analyst,Experienced,Mid-Level,4-8,4,Compliance Auditing; Firewall Management; Malware Analysis; SIEM Tools; SOC Operations; Threat Hunting
Cybersecurity Analyst,Fresher,Entry-Level,0-1,0,Antivirus; Antivirus Tools; C++; C++ Basics; Encryption Basics; Encryption Fundamentals; Firewall Basics; Firewall Configuration; GDPR Basics; Incident Response; Linux Basics; Linux Fundamentals; Linux Security; Metasploit; NIST Basics; Nessus; Network Defense; Python; Python Basics; Python Scripting; QRadar; SIEM Tools; Snort; Splunk; Vulnerability Assessment; Windows/Linux Basics; Wireshark
Cybersecurity Analyst,Experienced,Mid-Level,3-5,3,"Bash; Cloud Security; Cloud Security (AWS/Azure); Compliance (GDPR, PCI-DSS); Incident Response; LogRhythm; PowerShell; Python; QRadar; Risk Management; Splunk; Threat Hunting; Vulnerability Management"
Cybersecurity Analyst,Experienced,Senior-Level,5-7,5,Advanced Threat Detection; Cloud Security; Compliance; Leadership; Risk Management; SIEM Tools; Splunk; Team Leadership; Threat Hunting
Cybersecurity Risk Analyst,Experienced,Mid-Level,3-6,3,Compliance Auditing; PowerShell; Python; Risk Management; Splunk
Cybersecurity Support Analyst,Fresher,Entry-Level,0-1,0,Cryptography Basics; Firewall Rules; ISO 27001 Basics; Teamwork; Wireshark
Data Analyst,Entry-Level,Entry-Level,0–1 year,0,Basic statistics; Excel; Excel charts; Excel functions; Hadoop; Hadoop basics; Hypothesis testing; Matplotlib; MySQL; Pandas; PostgreSQL; Power BI; Python; R; Regression; SAS; SQL; Seaborn; Spark basics; Tableau
Data Analyst,Senior-Level,Mid-Level,4–8 years,4,A/B testing; Advanced SQL; BigQuery; ETL; Google Data Studio; Hadoop; Kafka; Looker; Machine learning algorithms; Power BI; Predictive modeling; Python; R; Redshift; SAS; Snowflake; Spark; Tableau; Time-series analysis
Data Analyst,Senior-Level,Senior-Level,5–9 years,5,Advanced SQL; Advanced analytics; BigQuery; Data engineering; Data warehousing; ETL; ETL pipelines; ETL workflows; Google Data Studio; Hadoop; Hypothesis testing; Kafka; Looker; Machine learning; Power BI; Predictive modeling; Python; R; Redshift; SAS; SQL; Snowflake; Spark; Statistical modeling; Tableau; Time-series forecasting
Data Engineer,Fresher,Entry-Level,0-1,0,AWS Basics; AWS Beginner; AWS Cloud Basics; AWS S3; AWS S3 Basics; Airflow; Airflow Basics; Airflow Fundamentals; Analytical Thinking; Apache Spark; Azure Basics; Azure Fundamentals; Data Modeling Basics; Data Partitioning; Data Structures; ETL Basics; ETL Fundamentals; ETL Tools Introduction; GCP BigQuery; Hadoop Basics; Hadoop Fundamentals; Java; Java Basics; Kafka; Linux; MongoDB; MySQL; PostgreSQL; Python; Redshift; SQL; SQL Optimization; Scala; Scala Basics; Spark Basics; Spark Fundamentals
Data Engineer,Experienced,Mid-Level,3-4,3,AWS Glue; AWS Redshift; Airflow; Apache Kafka; Azure Data Lake; Azure Synapse; Data Modeling; Databricks; Flink; GCP BigQuery; Hadoop; Java; Kafka; MongoDB; Python; SQL; SQL Optimization; Scala; Snowflake; Spark
Data Engineer,Experienced,Senior-Level,5+,5,AWS EMR; AWS Glue; Airflow; BigQuery; Data Governance; Data Modeling; Hadoop; Java; Kafka; Python; SQL; Scala; Snowflake; Spark
Data Science Associate,Fresher,Entry-Level,0-1,0,"Basic ML: regression, classification, clustering; Data cleaning; Data preprocessing; Matplotlib; MySQL; NumPy; Pandas; PostgreSQL; Python; R; SQL; Seaborn"
Data Scientist,Fresher,Entry-Level,0-1,0,"Basic ML algorithms: regression, classification, clustering; Basic ML: classification, clustering; Basic ML: classification, regression, clustering; Basic ML: logistic regression, clustering, decision trees; Basic ML: logistic regression, decision trees, K-means; Data cleaning; Data preprocessing; Data wrangling; Excel; Matplotlib; MongoDB; MySQL; NumPy; Pandas; PostgreSQL; Python; R; SQL; Seaborn"
Data Scientist,Mid-Senior,Mid-Level,3-6,3,Classification; Clustering; Deep Learning; ETL pipelines; Ensemble methods; Hadoop; Java/Scala; NLP; PowerBI; Python (advanced); R; Regression; Reinforcement Learning; SQL; Spark; Tableau
Data Scientist,Senior,Senior-Level,5+,5,AWS; AWS EMR; Azure; Classification; Deep Learning; ETL automation; ETL pipelines; Ensemble methods; Feature Engineering; Feature engineering; GCP; Git; Hadoop; Java/Scala; Jupyter; Machine Learning; NLP; PowerBI; Predictive modeling; Python; R; Regression; Reinforcement Learning; SQL; Spark; Tableau; Time-series modeling
DevOps Cloud Architect,Experienced,Senior-Level,5,5,AWS; Azure DevOps; CI/CD pipelines; Docker; Kubernetes; Python; Terraform
DevOps Engineer,Fresher,Entry-Level,0–1 year,0,AWS awareness; AWS basics; Ansible awareness; Azure awareness; Azure basics; Bash; Bash basics; CI/CD basics; Docker; GCP awareness; GCP basics; Git; GitHub/GitLab; Jenkins; Kubernetes; Linux basics; Linux fundamentals; Python; Python basics; Python fundamentals; Terraform awareness; Terraform/Ansible awareness
DevOps Engineer,Experienced,Mid-Level,4–8 years,4,API automation; AWS; Ansible; Azure; Chef; CircleCI; DevSecOps; Docker Swarm; ELK stack; GCP; GitLab CI; Grafana; Helm; Jenkins; Kubernetes; Linux/Unix; Microservices; Prometheus; Puppet; Terraform
Digital Marketing Specialist,Fresher,Entry-Level,0-1,0,"Adaptability; Basic marketing automation; Blogging; Blogging and copywriting; CMS (WordPress); CMS (WordPress) basics; CMS knowledge; CMS tools; CMS tools (WordPress); Communication; Communication skills; Content creation; Content creation and copywriting; Copywriting; Creativity; Digital advertising basics; Email marketing (Mailchimp, HubSpot basics); Email marketing basics; Email marketing tools (Mailchimp, HubSpot) basics; Email marketing tools basics; Facebook Ads Manager; Facebook Ads Manager basics; Google Ads; Google Ads and Facebook Ads basics; Google Ads basics; Google Analytics; Google Analytics basics; Instagram and LinkedIn marketing basics; Instagram marketing basics; Instagram, LinkedIn basics; LinkedIn marketing basics; SEM basics; SEO and SEM fundamentals; SEO fundamentals; SEO/SEM fundamentals; Social media marketing; Social media marketing basics; Team collaboration; Teamwork"
Digital Marketing Specialist,Experienced,Mid-Level,3-5,3,"Advanced digital marketing strategies; Analytics and reporting (Google Analytics, Tableau, Mixpanel); Brand management; Brand strategy; Budget management; CRM tools (HubSpot, Salesforce, Marketo); Content creation and social media marketing; Content marketing; Data-driven marketing; Digital marketing strategy; Email automation; Lead generation and nurturing; Marketing analytics and reporting; Marketing automation tools (HubSpot, Marketo, Salesforce); Multi-channel campaign management; PPC campaigns; SEO and SEM optimization; SEO/SEM/PPC optimization; Social media marketing; Team leadership; UX design integration; UX integration"
Digital Marketing Specialist,Experienced,Senior-Level,5-7,5,"AI marketing tools; AI-driven marketing; AI-driven marketing and personalization; AI-driven marketing solutions; AI-driven marketing strategies; AI-driven personalization; AI-driven personalization and marketing automation; AI-powered marketing solutions; AI-powered marketing tools; Advanced SEO and SEM; Advanced analytics (Google Analytics, Tableau, Mixpanel); Advanced digital campaigns; Advanced digital marketing campaigns; Advanced digital marketing strategy; Analytics (GA, Tableau, Mixpanel); Analytics and reporting; Analytics and reporting (GA, Tableau, Mixpanel); Brand and UX strategy; Brand management; Brand management and UX integration; Brand strategy; Brand strategy and UX design; Brand strategy and UX design integration; Brand strategy and UX integration; Budget and ROI management; Budget and ROI optimization; Budget management; Budget management and ROI optimization; Budget management and ROI tracking; Budget optimization; Budget planning; Budget planning and ROI optimization; CRM and automation tools (HubSpot, Marketo, Salesforce); CRM and marketing automation tools; CRM tools (HubSpot, Marketo, Salesforce); CRM tools (HubSpot, Salesforce); Content and social media campaigns; Content and social media marketing; Content creation and social media marketing; Content marketing and social media strategy; Content marketing strategy; Conversion rate optimization; Cross-channel campaign coordination; Cross-channel campaign management; Data-driven campaign optimization; Data-driven campaign strategies; Data-driven decision making; Data-driven decisions; Data-driven marketing; Data-driven marketing decisions; Data-driven optimization; Data-driven strategy implementation; Digital campaign strategy; Digital marketing strategy; Digital strategy development; Email automation; Email automation and personalization; Email automation tools (HubSpot, Marketo); Email marketing automation; Emerging marketing technologies; Emerging marketing technologies (AI-driven personalization); Lead generation; Lead generation and CRM integration; Lead generation and CRM management; Lead generation and CRM tools; Lead generation and nurturing; Marketing analytics (GA, Tableau, Mixpanel); Marketing analytics (Google Analytics, Tableau, Mixpanel); Marketing analytics (Tableau, Mixpanel, GA); Marketing analytics and reporting; Multi-channel campaign coordination; Multi-channel campaign integration; Multi-channel campaign management; Multi-channel marketing strategy; PPC campaign optimization; PPC campaigns management; SEO and SEM optimization; SEO, SEM, PPC; SEO, SEM, PPC campaigns; SEO, SEM, PPC optimization; SEO/SEM/PPC campaign management; SEO/SEM/PPC management; SEO/SEM/PPC optimization; Social media campaigns; Social media marketing; Strategic digital marketing planning; Team leadership; Team leadership and mentoring; Team leadership and mentorship; Team management; UX and UI design integration; UX design integration; UX/UI integration"
Ethical Hacker,Fresher,Entry-Level,0-1,0,"Analytical thinking; Bash scripting; Bash scripting basics; Basic cryptography knowledge; Basic cryptography understanding; Basic knowledge of Nmap, Burp Suite; Basic vulnerability assessment; Communication; Cryptography fundamentals; Ethical awareness; Ethical compliance; Ethical mindset; Familiarity with Metasploit and Burp Suite; Familiarity with Metasploit, Wireshark; Familiarity with Nmap and Wireshark; Familiarity with Nmap, SQLMap; Introduction to penetration testing; Introductory penetration testing; Linux (Kali Linux/Parrot OS) basics; Linux (Kali/Parrot OS) basics; Linux and Windows OS basics; Linux/Windows OS fundamentals; Networking basics; Networking fundamentals; Penetration testing fundamentals; Problem-solving; Python basics; Teamwork; Vulnerability assessment; Vulnerability assessment basics; Vulnerability scanning; Vulnerability scanning basics; Web app security basics; Web application security; Web application security basics; Windows security basics"
Ethical Hacker,Experienced,Mid-Level,3+,3,"Advanced Python, C/C++; Advanced networking; Analytical thinking; Bash, PowerShell scripting; Communication; Compliance and risk assessment; Cryptography, SSL/TLS; Leadership; Linux (Kali, Parrot) expert; Linux (Kali/Parrot) advanced; Malware analysis; Metasploit, Burp Suite, Nmap, Wireshark; Metasploit, Nmap, Burp Suite, SQLMap; Network security expert; Penetration testing; Penetration testing and vulnerability assessment; Problem-solving; Python, C/C++, JavaScript; Reverse engineering; Risk assessment; Vulnerability assessment; Web app security testing; Web application security; Windows security and AD; Windows security and Active Directory"
Ethical Hacker,Experienced,Senior-Level,5+,5,"Advanced Python, C/C++, JavaScript; Advanced network security; Analytical skills; Analytical thinking; Bash, PowerShell; Bash, PowerShell scripting; Communication; Compliance (NIST, ISO); Compliance awareness; Compliance frameworks; Cryptography; Cryptography and SSL/TLS; Cryptography, SSL/TLS; Expert network and web security; Expert network security; Leadership; Linux and Windows OS expert; Linux and Windows expert; Linux and Windows security; Linux and Windows security expert; Linux expert; Linux/Windows OS expert; Linux/Windows expert; Malware analysis; Malware analysis and reverse engineering; Metasploit, Burp Suite, Nmap, SQLMap; Metasploit, Burp Suite, Nmap, SQLMap, Wireshark; Metasploit, Burp Suite, Nmap, Wireshark; Metasploit, Burp Suite, Nmap, Wireshark, SQLMap; Metasploit, Nmap, Burp Suite, SQLMap, Wireshark; Network and application security; Network and application security expert; Network and web security; Network and web security expert; Network penetration testing; Penetration testing; Penetration testing and vulnerability assessment; Problem-solving; Project management; Python, C/C++, JavaScript; Python, C/C++, JavaScript advanced; Reverse engineering; Security frameworks (NIST, ISO); Vulnerability assessment; Web app security; Web application and network security; Web application security; Web security testing; Windows security and AD; Windows security and Active Directory; Windows security expert"
Fintech Engineer,Fresher,Entry-Level,0-1,0,API integration basics; API integration fundamentals; AWS basics; AWS/Azure basics; Adaptability; Agility; Azure basics; Blockchain basics; Blockchain fundamentals; Cloud basics (AWS/Azure); Collaboration; Communication; Cybersecurity awareness; Cybersecurity basics; Cybersecurity fundamentals; Data analysis basics; Financial domain knowledge; Financial knowledge basics; Financial products knowledge; Financial products understanding; Intro to ML; Intro to machine learning; Introductory ML; Introductory data science; Introductory machine learning; JavaScript basics; Machine learning basics; Problem-solving; Python basics; SQL basics; SQL fundamentals; Teamwork
Fintech Engineer,Experienced,Mid-Level,3+,3,"API architecture; API architecture and microservices; AWS & Azure cloud; Blockchain and DLT; Blockchain development; Blockchain implementation; Cloud computing (AWS, Azure); Cloud platforms (AWS, Azure); Collaboration; Cross-functional collaboration; Cybersecurity compliance; Cybersecurity expertise; DevOps; DevOps in fintech; Financial analysis; Financial analysis and modeling; Financial modeling; Innovation management; JavaScript advanced; Leadership; ML analytics; Machine learning predictive analytics; Microservices design; Predictive modeling and automation; Project leadership; Python advanced; Quantitative modeling; SQL advanced; Smart contract development; Smart contracts; Stakeholder management; Team leadership"
Fintech Engineer,Experienced,Senior-Level,5+,5,"API & microservices architecture; API & microservices design; API and microservices architecture; API architecture; API design; API design and microservices; Blockchain & smart contracts; Blockchain and DLT; Blockchain and smart contracts; Blockchain development; Cloud computing (AWS, Azure); Cloud computing AWS/Azure; Cloud platforms (AWS, Azure); Cloud platforms AWS/Azure; Cross-functional collaboration; Cross-functional team collaboration; Cybersecurity; Cybersecurity and compliance; Cybersecurity compliance; Cybersecurity expertise; DevOps; DevOps automation; DevOps in fintech; DevOps practices; Financial analysis; Financial analysis and modeling; Financial data analysis; Financial modeling and analysis; Financial modeling and forecasting; Innovation; Innovation management; Innovation strategies; JavaScript advanced; Leadership; Machine learning and AI analytics; Machine learning for analytics; Machine learning predictive analytics; Machine learning predictive modeling; Microservices architecture; Microservices design; Project management; Python advanced; Quantitative modeling; SQL advanced; Smart contracts; Smart contracts development; Smart contracts implementation; Stakeholder collaboration; Stakeholder management; Strategic planning; Team leadership; Team management"
Frontend Developer,Entry-Level,Entry-Level,0–1 year,0,Angular basics; Bootstrap; Browser Developer Tools; CSS; CSS3; Git; HTML; HTML5; JavaScript; JavaScript (ES6+); React; React basics; Tailwind CSS; Vue.js; Vue.js basics
Frontend Developer,Mid-Senior Level,Mid-Level,3–6 years,3,"Advanced React (Hooks, Redux); Angular; CI/CD; CSS; CSS3; Git; HTML; HTML5; JavaScript; JavaScript (ES6+); Lazy loading; Performance optimization; Performance tuning; React/Redux; Unit & E2E testing; Unit/Integration/E2E testing; Vue.js"
Frontend Developer,Senior-Level,Senior-Level,5+ years,5,Advanced React; Angular; CI/CD; CSS; Git; HTML; JavaScript; JavaScript (ES6+); Lazy loading; Performance optimization; React/Redux; Testing automation; Unit & E2E testing; Unit/Integration/E2E testing; Vue.js
Full Stack Developer,Fresher,Entry-Level,0–1 year,0,Agile; Angular; CI/CD; CSS; CSS3; Cloud Platforms; Django; Django/Flask; Docker; Flask; Git; HTML; HTML5; JavaScript; JavaScript (ES6+); Kubernetes; MongoDB; MySQL; NoSQL; Node.js; PostgreSQL; Python (Django/Flask); RESTful API design; React; SQL; Vue.js
Full Stack Developer,Experienced,Mid-Level,3–5 years,3,Agile; Angular; CI/CD; CSS; CSS3; Cloud Platforms; Django; Docker; Flask; Git; HTML; HTML5; JavaScript; JavaScript (ES6+); Kubernetes; Microservices; MongoDB; MySQL; NoSQL; Node.js; PostgreSQL; RESTful API design; RESTful APIs; React; Redux; SQL; Serverless; TypeScript; Vue.js; Web Security
Game Developer,Fresher,Entry-Level,0-1,0,Adaptability; Animation basics; Animation fundamentals; C# basics; C++ basics; Communication; Creativity; Debugging basics; DirectX basics; DirectX/OpenGL basics; Game mechanics basics; Game mechanics fundamentals; Git basics; Java basics; Mobile game awareness; Mobile/console development basics; Mobile/console platform awareness; OpenGL basics; Physics and animation basics; Physics and collision basics; Physics basics; Python basics; Teamwork; Unity basics; Unreal Engine basics
Game Developer,Experienced,Mid-Level,3+,3,AI programming; C# advanced; C++ advanced; Cross-platform development; Debugging and profiling; Gameplay systems; Gameplay systems development; Godot basics; Java advanced; Leadership; Multiplayer networking; Performance optimization; Physics; Physics and collision handling; Project management; Python advanced; Shader programming HLSL/GLSL; Team collaboration; Testing frameworks; Unity expert; Unreal Engine expert
Game Developer,Experienced,Senior-Level,5+,5,AI and gameplay systems; AI programming; AI/gameplay systems; Advanced AI and gameplay; Advanced AI and gameplay systems; Advanced AI/gameplay systems; Advanced gameplay and AI; Advanced gameplay and AI systems; Advanced gameplay systems; C# expert; C++ expert; Cross-platform deployment; Cross-platform development; Debugging and profiling; Gameplay systems and AI; Godot basics; Graphics and performance optimization; Graphics optimization; Java advanced; Leadership; Multiplayer networking; Performance profiling; Physics; Physics and collision handling; Physics and collision systems; Physics simulation; Project management; Python advanced; Shader programming; Shader programming HLSL/GLSL; Team collaboration; Testing and debugging; Testing frameworks; Testing/debugging; Unity expert; Unreal Engine expert
Graphic Designer,Fresher,Entry-Level,0-1,0,Adaptability; Adobe Illustrator; Adobe InDesign; Adobe Photoshop; Adobe XD; After Effects; Basic Figma; Basic HTML/CSS; Color Theory; Communication; Creativity; Figma; Figma Basics; Illustrator; InDesign; Motion Graphics; Photoshop; Time Management; Typography; Web Design; Web Design Basics
Graphic Designer,Mid-Level,Mid-Level,3-6,3,Adobe Photoshop; Adobe XD; After Effects; Color Theory; Figma; Illustrator; InDesign; Motion Graphics; Photoshop; Typography; Web Design; Web and Mobile Design
Graphic Designer,Experienced,Senior-Level,5-10,5,3D Design; 3D Design Basics; AR/VR Design; Adobe XD; Advanced Adobe Photoshop; Advanced Photoshop; After Effects; Color Theory; Figma; Illustrator; InDesign; Motion Graphics; Typography
Hybrid Cloud Architect,Experienced,Senior-Level,8,8,AWS; Azure; Hybrid cloud design; Networking; Python; Terraform
Incident Response Analyst,Experienced,Senior-Level,5-9,5,Forensics; Incident Response; Malware Analysis; QRadar; Splunk; Threat Hunting
Information Security Analyst,Fresher,Entry-Level,0-1,0,Firewall Basics; GDPR Basics; Nessus; Python; Snort
Information Security Analyst,Experienced,Mid-Level,3-5,3,Incident Response; Python; QRadar; Splunk; Threat Intelligence; Vulnerability Management
Interaction Designer,Fresher,Entry-Level,0-1,0,Adobe XD; Figma; Prototyping Basics; Sketch; Typography; User Research Fundamentals
Interaction Designer,Experienced,Senior-Level,6-8,6,After Effects; Figma; Micro-Interactions; Principle; Prototyping
IoT Engineer,Fresher,Entry-Level,0-1,0,AWS IoT basics; Actuator integration; Agile awareness; Agile methodology awareness; Azure IoT basics; Bluetooth; Bluetooth and Zigbee protocols; C basics; C++ basics; Cloud IoT basics; CoAP; CoAP basics; Communication; Embedded firmware understanding; Embedded systems design; Embedded systems development; Google Cloud IoT basics; IPv6 basics; Java basics; LoRa basics; MQTT; MQTT basics; Power BI basics; Problem-solving; Python basics; Sensor and actuator integration; Sensor integration; TCP/IP basics; Tableau basics; Teamwork; Zigbee; Zigbee basics
IoT Engineer,Experienced,Mid-Level,3+,3,"AWS IoT advanced; AWS, Azure, GCP IoT; Advanced C programming; Azure IoT advanced; C advanced; C++ advanced; CI/CD pipelines; Edge computing; Embedded firmware design; Embedded firmware development; GCP IoT advanced; IoT architecture; IoT architecture design; Java advanced; Leadership; MQTT, CoAP, LoRaWAN, NB-IoT; Machine learning integration; Network optimization; Network security; Project management; Python advanced; Real-time analytics; Real-time data analytics; Sensor and actuator integration; TCP/IP, IPv6; Team collaboration"
IoT Engineer,Experienced,Senior-Level,5+,5,"AWS, Azure, GCP IoT; Advanced C, C++; Advanced sensor integration; C advanced; C++ advanced; C, C++ advanced; C, C++ expert; CI/CD; CI/CD automation; CI/CD pipelines; Cloud platforms (AWS, Azure, GCP); Cloud platforms AWS/Azure/GCP; Cross-functional collaboration; Cross-team collaboration; Data analytics; Data pipelines and analytics; Edge computing; Embedded firmware; Embedded firmware and hardware interfacing; Embedded firmware development; Embedded firmware optimization; IoT architecture; IoT architecture and deployment; IoT architecture and design; IoT architecture design; IoT system architecture; Java advanced; Leadership; MQTT, CoAP, LoRaWAN, NB-IoT; Machine learning; Machine learning integration; Network security; Network security and optimization; Project execution; Project management; Project strategy; Python advanced; Python, Java; Real-time analytics; Real-time analytics and ML; Real-time analytics and ML integration; Real-time data analytics; Sensor and actuator integration; Sensor fusion and actuator control; Sensor fusion and actuator integration; Sensor integration and actuator management; Strategic planning; Team collaboration; Team management"
Java Developer,Fresher,Entry-Level,0,0,Advanced Java; Basic REST API knowledge; CSS; Collections Framework; Concurrency Basics; Core Java; Database Basics; Database Management; Docker; Encapsulation; Exception Handling; File Handling; Git; Gradle; HTML; HTML/CSS; Hibernate; Hibernate Basics; Inheritance; JDBC; JSP; JUnit; JUnit Basics; Java APIs; Java Collections; Java I/O; JavaScript; JavaScript Basics; Kubernetes; Maven; Microservices; Multithreading Basics; Networking Basics; OOP; Polymorphism; Problem Solving; REST APIs; SQL; SQL (MySQL/PostgreSQL); SQL Basics; SQL Queries; Servlets; Spring Basics; Spring Boot; Spring Framework Basics; Team Collaboration; TestNG; TestNG Basics; Version Control (Git)
Java Developer,Experienced,Mid-Level,3,3,Agile; CI/CD; Concurrency; Debugging; Docker; Gradle; Hibernate; JPA; JUnit; JVM Internals; Jenkins; Kafka; Maven; Mentoring; Microservices; Mockito; Performance Tuning; Selenium; Spring Boot; Team Collaboration; Version Control (Git/SVN)
Java Developer,Experienced,Senior-Level,5,5,Advanced SQL; Angular/React; Cassandra; Database Tuning; Kubernetes; Leadership; Microservices; MongoDB; NoSQL; Performance Optimization; RESTful APIs; SOAP APIs; SQL; Spring Boot; System Design
JavaScript Developer,Fresher,Entry-Level,0-1,0,AJAX; AJAX/JSON; Adaptability; Angular basics; Async programming; CSS3; CSS3 basics; Communication; Core JavaScript ES6+; Git; Git basics; HTML5; HTML5 basics; JSON; JavaScript ES6+; Problem-solving; REST API basics; REST API integration; REST API knowledge; React; React basics; Responsive design; Team collaboration; Teamwork; Vue.js basics
JavaScript Developer,Experienced,Mid-Level,3+,3,"Advanced JavaScript; Angular; CI/CD; CI/CD basics; Docker; Docker basics; Express.js; GraphQL; Jest, Cypress, Mocha; Jest, Mocha, Cypress; Leadership; Node.js; Project management; REST API development; REST APIs; React; Redux, Vuex; Redux/Vuex; Team collaboration; TypeScript; Vue.js; Webpack, Babel; Webpack, Babel, npm, Yarn; npm, Yarn"
JavaScript Developer,Experienced,Senior-Level,5+,5,"Advanced JavaScript; Advanced performance optimization; Angular; CI/CD; CI/CD pipelines; Cross-team collaboration; Docker; Docker, CI/CD; Express.js; GraphQL; JavaScript advanced; JavaScript expert; Jest, Cypress; Jest, Cypress, Mocha; Jest, Mocha, Cypress; Leadership; Node.js; Performance optimization; Performance tuning; Project management; REST API development; REST API, GraphQL; REST API/GraphQL; REST APIs, GraphQL; React; React, Angular, Vue.js; Redux, Vuex; Redux/Vuex; Team management; Testing frameworks (Jest, Cypress, Mocha); Testing frameworks (Jest, Mocha, Cypress); Testing frameworks: Jest, Mocha, Cypress; TypeScript; Vue.js; Web performance optimization; Webpack, Babel; npm, Yarn"
Machine Learning Engineer,Fresher,Entry-Level,0-1,0,"Basic ML models: decision trees, K-means, logistic regression; Data preprocessing; Data visualization: Matplotlib, Seaborn; Feature engineering; Git/GitHub; Java; ML basics: classification, regression, clustering, decision trees; ML frameworks: Scikit-learn, TensorFlow, PyTorch, Keras; ML fundamentals: classification, regression, clustering, supervised/unsupervised learning; ML fundamentals: regression, classification, clustering, decision trees; ML fundamentals: supervised/unsupervised learning, classification, regression, clustering; ML fundamentals: supervised/unsupervised learning, regression, classification, clustering, decision trees; ML libraries: Scikit-learn, TensorFlow, PyTorch; ML libraries: Scikit-learn, TensorFlow, PyTorch, Keras; Matplotlib; MongoDB; MySQL; NumPy; Pandas; Python; R; SQL; Seaborn; Statistics and probability; Statistics: probability, linear algebra; Visualization: Matplotlib, Seaborn"
Machine Learning Engineer,Mid-Senior,Mid-Level,3-6,3,"Big data: Hadoop, Spark; Feature engineering and ETL automation; Frameworks: TensorFlow, PyTorch, Keras, Scikit-learn (advanced), ONNX; Java; ML/DL: supervised/unsupervised learning, deep learning, reinforcement learning, NLP, computer vision, transfer learning; MLOps: CI/CD pipelines, model monitoring, cloud deployment (AWS/GCP/Azure); Python (advanced); R; SQL"
Machine Learning Engineer,Senior,Senior-Level,5-7,5,"AWS; Advanced ML/DL: deep learning, NLP, reinforcement learning, computer vision, transfer learning; Advanced ML/DL: deep learning, reinforcement learning, NLP, computer vision, transfer learning; Big data: Hadoop, Spark; Big data: Spark, Hadoop; Classification; ETL automation; Ensemble methods; Feature engineering; Feature engineering, ETL automation; Feature engineering, ETL pipelines; Frameworks: TensorFlow, PyTorch, Keras, Scikit-learn (advanced); Frameworks: TensorFlow, PyTorch, Keras, Scikit-learn (advanced), ONNX; GCP; Hadoop; Java; Java/Scala; ML/DL: deep learning, reinforcement learning, NLP, computer vision, transfer learning; MLOps: CI/CD pipelines, model monitoring, cloud deployment (AWS/GCP/Azure); MLOps: CI/CD, model monitoring, cloud deployment (AWS/GCP/Azure); MLOps: CI/CD, monitoring, cloud deployment (AWS/GCP/Azure); NLP; PowerBI; Python; Python (advanced); R; Regression; Reinforcement Learning; SQL; Scala; Spark; Tableau"
Machine Learning Scientist,Senior,Senior-Level,5+,5,AWS; Azure; Classification; Deep Learning; ETL automation; ETL pipelines; Ensemble methods; Feature engineering; Hadoop; Java/Scala; NLP; PowerBI; Python; R; Regression; Reinforcement Learning; SQL; Spark; Tableau
Market Research Analyst,Fresher,Entry-Level,0-1,0,Attention to Detail; Basic Statistical Analysis; Communication; Competitive Analysis; Consumer Behavior Analysis; Critical Thinking; Data Analysis Basics; Data Collection; Data Storytelling; Data Visualization Basics; Excel; Excel Advanced Functions; Market Segmentation; Predictive Analytics; Predictive Modeling; Presentation Skills; Python; Python Basics; Qualitative Research; R; Regression; Regression Analysis; Report Writing; SPSS; Statistical Analysis; Survey Design; Tableau; Time Management
Market Research Analyst,Experienced,Senior-Level,5-10,5,Advanced Analytics; Advanced Data Analysis; Advanced Statistical Analysis; Business Strategy; Competitive Intelligence; Forecasting; Market Segmentation; Power BI; Predictive Modeling; Python; R; SAS; SQL; Tableau
Marketing Specialist,Fresher,Entry-Level,0-1,0,"Adobe Creative Suite basics; Blogging; Canva and Adobe Creative Suite; Canva and WordPress basics; Collaboration; Collaboration and communication; Content creation; Content marketing; Copywriting; Creative design tools; Data analysis basics; Digital marketing fundamentals; Email campaigns; Email marketing basics; Email marketing tools; Event coordination; Event management; Google Analytics; Google Analytics basics; Market research; Marketing analytics; Marketing automation; Marketing automation tools (Mailchimp, HubSpot); PPC ads; PPC campaigns; SEM basics; SEO basics; SEO, SEM, PPC; SEO/SEM; Social media basics; Social media management; Social media marketing; Social media platforms; Team collaboration; Team communication; Time management; Video production basics"
Marketing Specialist,Experienced,Mid-Level,3-5,3,"Advanced digital marketing strategies; Analytics (Google Analytics, Tableau); Brand management; Budget management; Content creation; Content marketing; Data-driven decision making; Digital strategy development; Email marketing automation; Lead generation; Lead nurturing; Marketing analytics and reporting; Multi-channel campaign planning; Multi-channel marketing campaigns; PPC campaigns management; SEO, SEM, PPC expertise; SEO/SEM optimization; Social media management; Social media strategy; Team collaboration"
Marketing Specialist,Experienced,Senior-Level,5-7,5,"AI-driven marketing tools; AI-driven personalization; AI-powered marketing personalization; AI-powered marketing tools; Advanced SEO/SEM; Advanced SEO/SEM/PPC; Advanced digital marketing; Advanced marketing strategy; Analytics (GA, Tableau); Analytics and ROI optimization; Analytics and ROI reporting; Analytics and reporting; Brand management; Budget allocation; Budget and ROI analysis; Budget and ROI management; Budget management; Budget optimization; Budget planning and optimization; Campaign coordination; Campaign management; Campaign optimization; Content and social media marketing; Content creation; Content creation and social media strategy; Content creation and strategy; Content marketing; Content marketing and creation; Data analysis (Google Analytics, Tableau); Data analytics and reporting; Data-driven analytics; Digital campaigns management; Digital marketing campaigns; Digital marketing strategy; Email automation; Email campaigns; Email marketing; Email marketing and automation; Email marketing automation; Emerging marketing technologies; Emerging marketing technologies (AI tools, personalization); Emerging technologies in marketing; Lead generation; Lead generation and multi-channel campaigns; Lead generation campaigns; Leadership and team management; Marketing analytics; Marketing automation; Marketing strategy; Marketing strategy and planning; Multi-channel campaign management; Multi-channel campaigns; PPC campaigns; PPC management; SEO, SEM, PPC; SEO/SEM; SEO/SEM and PPC campaigns; SEO/SEM optimization; SEO/SEM/PPC; SEO/SEM/PPC campaigns; SEO/SEM/PPC management; SEO/SEM/PPC optimization; Social media management; Social media marketing; Social media strategy; Strategic marketing planning; Team coordination; Team leadership; Team leadership and collaboration"
Multi-Cloud Architect,Experienced,Senior-Level,9,9,AWS; Azure; GCP; Kubernetes; Leadership; Microservices architecture; Terraform
Network Analyst,Fresher,Entry-Level,0-2,0,DNS; Nagios; Subnetting; TCP/IP; Wireshark
Network Automation Engineer,Experienced,Mid-Level,3-5,3,Ansible; Automation; Bash; Cisco IOS; Python
Network Engineer,Fresher,Entry-Level,0-1,0,Bash Basics; Basic Routing; Cisco IOS; Cisco Routers; Cisco Switches; DHCP; DNS; Firewalls Basics; IDS/IPS Intro; Incident Management; LAN/WAN; Nagios; Nagios Basics; Network Monitoring; Network Troubleshooting; Python Basics; Python Scripting Basics; SolarWinds; Subnetting; Switching; TCP/IP; VPN Basics; Wireshark
Network Engineer,Experienced,Mid-Level,3-5,3,BGP; Cisco Nexus; Cisco Prime; LAN/WAN Design; MPLS; Nagios; OSPF; Python Automation; QoS; SolarWinds
Network Engineer,Experienced,Senior-Level,5-8,5,Architecture Design; BGP; Cisco ASA; Cisco Nexus; Cisco Routers; EIGRP; F5 Load Balancer; MPLS; Nagios; Palo Alto; Palo Alto Firewalls; Project Management; QoS; SD-WAN; SIP; Team Leadership; VoIP; Zero Trust Security
Network Security Engineer,Experienced,Mid-Level,4-6,4,Cisco ASA; Cryptography; Firewalls; IDS/IPS; VPN
Network Support Engineer,Fresher,Entry-Level,0-1,0,BGP (Intro); Firewall Basics; OSPF; Routing Basics; SolarWinds; VPN Setup
Operations Manager,Fresher,Entry-Level,0-1,0,Adaptability; Basic ERP/CRM Knowledge; Basic Team Coordination; Basic Workflow Management; Collaboration; Communication; Data Reporting Basics; ERP/CRM Basics; Observation; Problem-Solving; Process Awareness; Process Observation; Report Preparation; Reporting; Team Coordination; Time Management; Workflow Awareness; Workflow Observation
Operations Manager,Mid-Level,Mid-Level,3-5,3,Budget Management; Budget Monitoring; Budget Oversight; Cross-Functional Collaboration; Cross-Functional Coordination; Data Analysis; ERP Systems; ERP/CRM Tools; KPI Monitoring; KPI Reporting; KPI Tracking; Problem Solving; Process Improvement; Process Optimization; Resource Allocation; Resource Planning; Scheduling; Team Leadership; Team Management; Workflow Automation; Workflow Optimization
Operations Manager,Experienced,Senior-Level,5-8,5,Budget Management; Budgeting; Data Analysis; ERP/CRM Systems; ERP/CRM Tools; Financial Reporting; KPI Monitoring; KPI Tracking; Lean Management; Process Automation; Process Improvement; Process Optimization; Resource Allocation; Resource Optimization; Six Sigma; Staff Development; Strategic Planning; Team Leadership
Product Designer,Fresher,Entry-Level,0-1 Years,0,A/B Testing; Adobe Illustrator; Adobe Photoshop; Adobe XD; Basic JavaScript; CSS; Color Theory; Creativity; Design Systems; Figma; Front-End Collaboration; HTML; Information Architecture Basics; JavaScript; Prototyping; Prototyping Basics; Responsive Design; Sketch; Teamwork; Typography; User Flows; User Research Basics; Wireframing
Product Designer,Experienced,Mid-Level,3-5 Years,3,A/B Testing; Accessibility; Adobe Creative Suite; Adobe Illustrator; Adobe XD; Agile; Agile Methods; CSS; Data-Driven UX; Design Systems; Design Thinking; Figma; HTML; InVision; Marvel; Prototyping; Sketch; Stakeholder Management; Usability Testing; User Testing
Product Designer,Experienced,Senior-Level,5+ Years,5,Agile Methods; Data Analytics; Design Systems; Figma; InVision; Leadership; Sketch
Product Manager,Fresher,Entry-Level,0-1,0,"Adaptability; Agile (Scrum, Kanban basics); Agile knowledge; Agile methodologies (Scrum, Kanban); Agile methodology knowledge; Basic data analytics; Basic product management concepts; Communication; Customer-centric design awareness; Data analysis (Excel, Google Analytics); Data analysis (Excel, SQL basics); Data analysis and metrics interpretation; Data analytics fundamentals; Market research; Market research and competitor analysis; Market research fundamentals; Problem-solving; Product lifecycle basics; Product lifecycle understanding; Product strategy basics; Scrum and Kanban basics; Teamwork; Tools: Confluence, Figma; Tools: Figma, JIRA, Confluence; Tools: JIRA, Confluence; Tools: JIRA, Confluence, Figma basics; Tools: JIRA, Figma; UX awareness; UX principles awareness; UX/UI awareness"
Product Manager,Experienced,Mid-Level,3-5,3,"A/B testing; Advanced data analysis; Agile facilitation; Agile leadership; Backlog grooming; Cross-functional team leadership; Data-driven decision making; Metrics-driven growth optimization; Product vision and roadmap development; Product vision and strategy; Roadmap development; Sprint planning; Stakeholder management; Strategic planning; Tools: JIRA, Confluence, Figma, Mixpanel, Tableau; Tools: JIRA, Confluence, Tableau, Mixpanel; UX research integration; User research and UX integration"
Product Manager,Experienced,Senior-Level,5-7,5,"Advanced analytics and A/B testing; Agile facilitation; Agile leadership; Agile methodologies; Backlog grooming; Cross-functional collaboration; Cross-functional leadership; Data analysis and A/B testing; Data analysis and experimentation; Data-driven decision making; Metrics-driven growth; Metrics-driven product growth; Performance optimization; Performance tracking; Product vision; Product vision and roadmap development; Product vision and roadmap planning; Product vision and strategic planning; Product vision and strategy; Resource allocation; Resource prioritization; Roadmap development and execution; Roadmap execution; Stakeholder communication; Stakeholder engagement; Stakeholder management; Strategic planning; Tools: Figma, Mixpanel, Tableau, GA; Tools: JIRA, Confluence, Figma, Mixpanel, Tableau; Tools: JIRA, Confluence, Mixpanel, GA, Tableau; Tools: JIRA, Confluence, Tableau, Figma; Tools: JIRA, Figma, Mixpanel, Tableau; UX research and integration; UX research integration; User experience research; User research integration"
Project Manager,Fresher,Entry-Level,0-1,0,"Adaptability; Basic budgeting; Basic budgeting and resource allocation; Basic knowledge of Waterfall and Agile; Basic knowledge of project management methodologies (Agile, Scrum, Waterfall); Basic project planning; Basic project planning and scheduling; Budgeting basics; Collaboration and teamwork; Communication; Communication and coordination; Communication and interpersonal skills; Communication skills; Critical thinking; Familiarity with Jira and Trello; Familiarity with Jira, MS Project, Trello; Familiarity with MS Project and Trello; Familiarity with Microsoft Project, Jira, Trello; Familiarity with project tools (MS Project, Trello); KPI tracking; KPI tracking and reporting basics; Multitasking; Problem-solving; Problem-solving and critical thinking; Project management methodology basics; Reporting; Reporting and documentation; Reporting basics; Resource allocation basics; Task and milestone tracking; Task scheduling; Team collaboration; Teamwork and collaboration; Time management; Understanding of Agile and Scrum methodologies; Understanding of Agile, Scrum, Waterfall"
Project Manager,Experienced,Mid-Level,3-5,3,"Advanced project planning and scheduling; Budget and resource management; Budgeting and resource allocation; Change management; Conflict resolution; Cross-functional collaboration; Data-driven reporting; Data-driven reporting and dashboards; Project scheduling and execution; Risk assessment and mitigation; Risk management and mitigation; Stakeholder communication; Stakeholder management and negotiation; Strategic alignment with business goals; Strategic project alignment; Team leadership; Team leadership and conflict resolution; Use of Jira, MS Project, Primavera; Use of MS Project, Primavera, Jira"
Project Manager,Experienced,Senior-Level,5-7,5,"Advanced budgeting and resource allocation; Advanced project management; Advanced project planning; Advanced project planning and execution; Advanced project scheduling and planning; Advanced scheduling and budgeting; Advanced scheduling, budgeting, and resource allocation; Budget and resource management; Budgeting and resource allocation; Budgeting and resource management; Change management; Conflict resolution; Cross-functional collaboration; Data-driven decision making; End-to-end project management; Project lifecycle management; Project planning and execution; Project strategy and execution; Reporting and analytics; Reporting and dashboard creation; Reporting and dashboards; Resource allocation; Risk and quality management; Risk and quality oversight; Risk assessment and mitigation; Risk management and mitigation; Scheduling and budgeting; Stakeholder communication; Stakeholder communication and engagement; Stakeholder engagement; Stakeholder engagement and communication; Stakeholder engagement and negotiation; Stakeholder management; Stakeholder management and communication; Stakeholder management and negotiation; Strategic alignment; Strategic planning; Strategic project alignment; Strategic project management; Team leadership; Team leadership and conflict resolution; Team leadership and mentoring; Team management and conflict resolution; Use of MS Project, Primavera, Jira; Use of MS Project, Primavera, Jira, Trello; Use of PM tools (MS Project, Jira, Trello, Asana); Use of project management software (MS Project, Jira, Trello, Asana); Use of project management tools (MS Project, Jira, Trello); Use of project management tools (MS Project, Jira, Trello, Asana); Use of project management tools (MS Project, Primavera, Jira, Trello, Asana)"
Python Developer,Fresher,Entry-Level,0-1,0,Adaptability; CSS basics; Communication; Control flow; Data types; Django basics; Exception handling; FastAPI basics; Flask basics; Functions; Git basics; HTML basics; JavaScript basics; Matplotlib basics; MongoDB basics; NumPy basics; OOP; OOP basics; Pandas basics; Problem-solving; PyTest basics; Python basics; SQL basics; Teamwork; unittest basics
Python Developer,Experienced,Mid-Level,3+,3,AWS basics; Async programming; Decorators; Django advanced; Docker; Docker basics; FastAPI; Flask advanced; Generators; GraphQL; GraphQL basics; Kubernetes basics; Leadership; MySQL; NoSQL; NoSQL basics; PostgreSQL; PyTest advanced; PyTorch; PyTorch basics; Python advanced; REST APIs; SQLAlchemy; Scikit-learn; Team collaboration; TensorFlow; TensorFlow basics
Python Developer,Experienced,Senior-Level,5+,5,AWS; Async programming; Decorators; Django; Django advanced; Docker; FastAPI; Flask; Flask advanced; Generators; GraphQL; Innovation; Innovation management; Kubernetes; Leadership; Metaprogramming; MySQL; NoSQL; PostgreSQL; Project management; PyTorch; Python advanced; REST APIs; SQLAlchemy; Scikit-learn; Team collaboration; TensorFlow
QA Engineer,Entry-Level,Entry-Level,0–1 year,0,"Appium basics; Automation Awareness: Selenium, Appium, Cucumber; Automation Tools Awareness: Selenium, Appium, Cucumber; Automation: Selenium, Appium, Cucumber basic knowledge; Basic Automation: Selenium WebDriver, Appium, Cucumber; Basic Automation: Selenium, Appium, Cucumber; Bugzilla; Cucumber awareness; JIRA; Java; JavaScript; JavaScript basics; Manual Testing; Manual Testing: Functional, Regression, Black-box; Postman; Postman basics; Python; Selenium basics; SoapUI; SoapUI basics; Test Documentation; TestRail"
QA Engineer,Senior-Level,Mid-Level,4–8 years,4,"API & Mobile Testing: Postman, SoapUI, Appium; Bug & Test Management: JIRA, Bugzilla, Quality Center; CI/CD Integration: Jenkins, GitLab CI/CD, Bamboo; Performance Testing: JMeter; Programming: Java, Python, C#, JavaScript; Test Automation: Selenium, Appium, Cucumber, JUnit, TestNG; Test Documentation & Reporting"
QA Engineer,Senior-Level,Senior-Level,5–9 years,5,"API & Mobile Testing: Postman, SoapUI, Appium; API Testing: Postman, SoapUI; API Testing: Postman, SoapUI, Appium; Automation: Selenium, Appium, Cucumber, JUnit, TestNG; Automation: Selenium, Appium, Cucumber, TestNG; Bug Tracking & Documentation: JIRA, Bugzilla, TestRail; Bug Tracking & Documentation: JIRA, TestRail; Bug Tracking & Documentation: JIRA, TestRail, ALM; Bug Tracking: JIRA, Bugzilla; CI/CD: Jenkins, GitLab CI/CD; CI/CD: Jenkins, GitLab CI/CD, Bamboo; Performance & Security Testing: JMeter, LoadRunner; Performance & Security Testing: Load, stress, security testing; Performance & Security Testing: Load, stress, vulnerability testing; Performance & Security Testing: LoadRunner; Performance Testing: JMeter; Performance Testing: Load, stress testing; Programming: Java, Python, C#, JavaScript; Test Automation: Selenium, Appium, Cucumber, TestNG; Test Documentation & Reporting"
Robotics Engineer,Fresher,Entry-Level,0-1,0,"Adaptability; Arduino basics; AutoCAD; AutoCAD basics; C++ basics; Communication; Dynamics; Embedded systems basics; Kinematics; LIDAR and infrared sensors basics; LIDAR and ultrasonic sensors basics; Linear algebra; MATLAB basics; Motor control; Motor control basics; PID control basics; PID controller fundamentals; PID controllers; PID fundamentals; Problem solving; Python basics; ROS basics; Raspberry Pi basics; Sensor integration basics; Sensors basics (LIDAR, ultrasonic, infrared); Servo motors basics; SolidWorks; SolidWorks basics; Teamwork"
Robotics Engineer,Experienced,Mid-Level,3+,3,"Advanced C++; Advanced CAD; Advanced Python; Arduino/Raspberry Pi advanced; C++ advanced; Control theory; Embedded systems; Embedded systems advanced; Hardware interfacing; LIDAR and vision sensors; Leadership; MATLAB; Machine learning basics for robotics; Machine learning in robotics; Problem solving; Project management; Python advanced; ROS development; Robotics control algorithms; Simulation (Gazebo, RViz); SolidWorks advanced; Team collaboration"
Robotics Engineer,Experienced,Senior-Level,5+,5,"Advanced CAD; Advanced CAD/SolidWorks; Advanced control theory; Advanced robotics control; Advanced robotics control algorithms; C++ advanced; C++ expert; CAD/SolidWorks; CAD/SolidWorks advanced; Computer vision; Control algorithms; Control algorithms advanced; Control systems advanced; Cross-functional collaboration; Cross-team collaboration; Embedded systems advanced; Embedded systems design; Embedded systems expert; Gazebo, RViz; Gazebo, RViz simulation; Hardware debugging; Hardware interfacing; Innovation; Innovation in robotics; Innovation management; Innovation strategy; Leadership; MATLAB; ML in robotics; Machine learning; Machine learning applications; Machine learning in robotics; Project leadership; Project management; Project strategy; Python advanced; Python expert; ROS advanced; ROS advanced development; ROS development; Robotics control algorithms; Robotics control theory; Sensor fusion; Sensor integration and fusion; Simulation (Gazebo, RViz); Simulation tools; Simulation tools (Gazebo, RViz); SolidWorks advanced; Team leadership; Team management; Team mentoring"
SEO Specialist,Fresher,Entry-Level,0-2,0,"AI-driven SEO tools; Advanced SEO strategy; Basic HTML/CSS; Basic link building; Content marketing; Content marketing optimization; Content optimization; Content optimization basics; Crawlability checks; Google Analytics GA4; Google Analytics basics; Google Search Console; HTML, CSS, JavaScript basics; HTML/CSS basics; Keyword research; Link building; Link building basics; Link building strategy; Local & mobile SEO; Local SEO; Local SEO basics; Looker Studio; Mobile SEO; Mobile SEO basics; Off-page SEO; Off-page SEO basics; Off-page optimization; On-page SEO; On-page SEO basics; On-page optimization; Page speed optimization; SEO copywriting; Schema markup; Schema markup and structured data; Schema markup basics; Search Console; Search Console basics; Site indexing basics; Site speed optimization; Social media SEO basics; Technical SEO; Technical SEO audits; Technical SEO basics; Visual search optimization; Voice search optimization"
SEO Specialist,Mid-Level,Mid-Level,3-5,3,"AI-driven SEO insights; AI-powered SEO analytics; Advanced content optimization; Analytics (GA4, Looker Studio); Analytics (GA4, Looker Studio, Search Console); Analytics (GA4, Search Console, Looker Studio); Content optimization; Content strategy; Content strategy and SEO copywriting; Google Analytics GA4; Link building; Link building and backlink analysis; Local SEO; Local SEO optimization; Looker Studio; Multimodal search optimization; On-page and off-page optimization; Page speed optimization; Privacy-compliant SEO; Privacy-compliant SEO (GDPR); SEO strategy; Schema markup; Schema markup implementation; Search Console; Site architecture optimization; Site speed optimization; Technical SEO; Technical SEO audits; Visual search optimization; Voice search optimization"
SEO Specialist,Experienced,Senior-Level,5-8,5,"AI and machine learning in SEO; AI-driven SEO insights; AI-driven SEO tools; AI-powered SEO tools; Advanced content strategy; Advanced on-page and off-page SEO; Advanced technical SEO; Analytics and reporting; Analytics and reporting (GA4, Looker Studio); Analytics and reporting (GA4, Looker Studio, Search Console); Content marketing optimization; Content optimization; Content strategy and SEO copywriting; Content strategy and optimization; Crawlability and indexing optimization; Crawlability, indexing, and site structure optimization; Google Analytics GA4; Link building; Link building and outreach; Link building campaigns; Link building strategy; Local SEO and voice search optimization; Local SEO optimization; Local SEO strategy; Local and mobile SEO optimization; Looker Studio; Mobile SEO optimization; Multimodal search optimization; Page speed and mobile optimization; Page speed and performance optimization; Privacy compliance (GDPR); Privacy-compliant SEO; Privacy-compliant SEO strategies; SEO strategy; SEO strategy and execution; SEO strategy and planning; SEO strategy and roadmap; SEO strategy development; Schema markup and structured data; Schema markup and structured data implementation; Search Console; Stakeholder communication; Technical SEO audits; Voice and visual search optimization"
Sales Executive,Fresher,Entry-Level,0-1,0,Active Listening; Adaptability; CRM Basics; Closing Deals; Closing Techniques; Communication; Customer Engagement; Digital Sales Awareness; Digital Sales Fundamentals; HubSpot; Lead Generation; Negotiation; Pipeline Management; Product Demonstrations; Product Demos; Product Knowledge; Relationship Building; Sales Automation Awareness; Sales Forecasting; Salesforce; Social Selling; Time Management
Sales Executive,Experienced,Senior-Level,5-10,5,Closing Techniques; Data-driven Sales; HubSpot; Lead Generation; Negotiation; Predictive Analytics; Relationship Management; Sales Automation; Salesforce; Social Selling
Security & Network Engineer,Fresher,Entry-Level,0-1,0,Cisco Routers; Firewall Basics; IDS/IPS Intro; VPN; Wireshark
Security Analyst,Fresher,Entry-Level,0-1,0,C++; Cryptography Fundamentals; GDPR Basics; ISO 27001 Basics; JavaScript Basics; Linux Commands; Metasploit; Nessus; Network Security Basics; Python; Risk Assessment Basics; Snort; Team Collaboration; Windows Security; Wireshark
Site Reliability Engineer,Fresher,Entry-Level,0-1,0,"Adaptability; Analytical thinking; Bash scripting basics; Bash/Shell scripting; Basic CI/CD; Basic CI/CD concepts; Basic automation scripts; Basic monitoring (Nagios, Grafana); CI/CD fundamentals; Cloud fundamentals (AWS, GCP, Azure); Cloud fundamentals (AWS/Azure/GCP); Cloud platform basics (AWS/Azure/GCP); Cloud platforms basics (AWS/Azure/GCP); Collaboration; Communication; Containerization basics (Docker); Docker basics; Docker fundamentals; Docker introduction; Intro to monitoring (Prometheus/Grafana); Introduction to cloud platforms; Kubernetes basics; Kubernetes introduction; Linux OS basics; Linux administration basics; Linux administration fundamentals; Linux basics; Linux fundamentals; Monitoring basics (Nagios, Grafana); Monitoring basics (Prometheus/Grafana/Nagios); Monitoring tools intro (Prometheus, Grafana); Networking basics (TCP/IP, DNS); Networking fundamentals; Problem-solving; Python basics; Shell scripting; Shell scripting (Bash/Zsh); TCP/IP networking; TCP/IP networking basics; Time management; Windows OS basics; Windows OS fundamentals; Windows fundamentals"
Site Reliability Engineer,Experienced,Mid-Level,3+,3,"Automation scripting; Bash scripting; Bash/Zsh scripting; CI/CD pipelines (Jenkins, Bamboo, GitHub Actions); Cloud platforms (AWS, Azure, GCP); Cloud platforms expert (AWS, Azure, GCP); Collaboration; Communication; Distributed systems design; Distributed systems management; Docker, Kubernetes advanced; Go programming; Infrastructure as Code (Terraform, Ansible); Infrastructure as Code (Terraform, Ansible, Puppet, Chef); Java scripting; Linux administration; Linux administration expert; Monitoring and logging (Prometheus, Grafana, ELK Stack, Nagios, Splunk); Monitoring and logging tools (Prometheus, Grafana, ELK Stack); Networking (TCP/IP, DNS, Load Balancing); Networking (TCP/IP, DNS, Load Balancing, CDN); Problem-solving; Python advanced; Security and compliance basics; Time management; Windows administration"
Site Reliability Engineer,Experienced,Senior-Level,5+,5,"AWS, Azure, GCP; AWS, Azure, GCP advanced; AWS, Azure, GCP expert; Automation; Automation and scripting; Automation scripting; Bash scripting; Bash scripting expert; Bash/Zsh scripting; CI/CD (Jenkins, Bamboo, GitHub Actions); CI/CD pipelines; CI/CD pipelines (Jenkins, Bamboo, GitHub Actions); CI/CD pipelines (Jenkins, GitHub Actions); CI/CD pipelines (Jenkins, GitHub Actions, Bamboo); CI/CD pipelines expert; CI/CD pipelines expert (Jenkins, Bamboo, GitHub Actions); Cloud (AWS, Azure, GCP); Cloud expert (AWS, Azure, GCP); Cloud platforms (AWS, Azure, GCP); Cloud platforms expert; Collaboration; Communication; Distributed systems; Distributed systems architecture; Distributed systems design; Distributed systems design and management; Docker, Kubernetes; Docker, Kubernetes advanced; Docker, Kubernetes expert; Go, Java; IaC (Terraform, Ansible); IaC (Terraform, Ansible, Puppet); IaC (Terraform, Ansible, Puppet, Chef); Infrastructure as Code (Terraform, Ansible, Puppet); Infrastructure as Code (Terraform, Ansible, Puppet, Chef); Leadership; Linux administration; Linux administration expert; Linux expert; Linux/Windows; Linux/Windows administration; Linux/Windows administration expert; Linux/Windows expert; Monitoring & logging; Monitoring & logging (Prometheus, Grafana, ELK); Monitoring & logging (Prometheus, Grafana, ELK, Nagios, Splunk); Monitoring & logging expert (Prometheus, Grafana, ELK, Nagios, Splunk); Monitoring & logging tools; Monitoring (Prometheus, Grafana, ELK Stack, Nagios, Splunk); Monitoring (Prometheus, Grafana, ELK, Nagios, Splunk); Monitoring and logging (Prometheus, Grafana, ELK Stack, Nagios, Splunk); Networking; Networking (TCP/IP, DNS, CDN, Load Balancing); Networking (TCP/IP, DNS, Load Balancing, CDN); Problem-solving; Python advanced; Python, Go; Python, Go, Java; Security and compliance; Security and compliance basics; Security and compliance knowledge; Security compliance; Time management; Windows server; Windows server administration"
Software Developer,Fresher,Entry-Level,0–1 year,0,"AWS basics; Agile/Scrum; Analytical thinking; Android Studio; Angular; Azure basics; C++; CI/CD; CSS; Collaboration; Communication; Django; Docker; Git; HTML; Java; JavaScript; JavaScript/TypeScript; Kotlin; Kubernetes; ML libraries (scikit-learn, pandas); NoSQL; Node.js; Problem-solving; Python; React; SQL; Spring Boot; Swift; Teamwork; Vue.js; Xcode"
Software Developer,Experienced,Mid-Level,3–5 years,3,AWS; Agile/Scrum; Angular; C#; CI/CD; Docker; Git; Java; Kubernetes; NoSQL; Node.js; Python; React; SQL; Vue.js
Software Developer,Experienced,Senior-Level,5–7 years,5,AWS; Agile; Agile/Scrum; Angular; Azure; C#; C++; CI/CD; Docker; Git; Java; Kubernetes; Microservices; NoSQL; Node.js; Python; React; SQL; Team Leadership
Software Engineer,Fresher,Entry-Level,0-2,0,APIs; Algorithms; Angular; Azure; C++; CSS; Cybersecurity Basics; Data Structures; Django; Docker; Figma; Game Development; Git; GitHub; HTML; IntelliJ; IoT Basics; Java; JavaScript; Jira; Jupyter Notebook; Machine Learning Basics; MongoDB; MySQL; Node.js; Postman; PyCharm; Python; REST APIs; React; Responsive Design; Rust; SQL; Trello; Unity; VS Code; Visual Studio; Vue.js
Software Engineer,Experienced,Mid-Level,3–5,3,AWS; Agile; Angular; CI/CD; CSS; Debugging; Django; Docker; Git; HTML; Java; JavaScript; Kubernetes; Mentoring; Node.js; Python; REST APIs; React; SQL; Spring Boot; Team Leadership; Testing; TypeScript; Unit Testing
Software Engineer,Experienced,Senior-Level,5–7,5,AWS; Agile; Angular; CI/CD; CSS; Django; Docker; Express; Git; HTML; Java; JavaScript; Kubernetes; Machine Learning; Mentoring; Microservices; MongoDB; Node.js; PostgreSQL; Python; REST APIs; React; Redux; SQL; Spring Boot; Team Leadership; Testing; TypeScript
Software Tester (SDET),Fresher,Entry-Level,0-1,0,API testing; API testing basics; Agile understanding; Agile/Scrum knowledge; Agile/Scrum understanding; Attention to detail; Basic Jenkins; C# basics; Communication; Cypress basics; Functional and regression testing; Functional testing; JMeter basics; Java basics; Jenkins basics; Postman; Postman basics; Problem-solving; Python basics; Regression testing; Selenium WebDriver basics; Selenium basics; Teamwork
Software Tester (SDET),Experienced,Mid-Level,3+,3,"API Testing advanced; Advanced Java; Advanced Python; Agile leadership; Appium; C# advanced; CI/CD integration; CI/CD integration (Jenkins, Bamboo); Code review; Cross-team collaboration; Cypress; JMeter; Mentoring; Performance and load testing; Performance testing; Selenium WebDriver; Team collaboration; Test automation strategy; Test data management; TestNG"
Software Tester (SDET),Experienced,Senior-Level,5+,5,"API Testing; API Testing advanced; Advanced Java; Advanced Python; Agile leadership; Appium; Automation strategy; C# advanced; CI/CD (Jenkins, Bamboo, Azure DevOps); CI/CD integration; CI/CD integration (Jenkins, Azure DevOps); Code review; Cross-team collaboration; Cypress; Defect management metrics; Defect metrics; JMeter; Mentoring; Metrics-driven QA; Performance and load testing; Performance testing; Python advanced; Selenium WebDriver; Strategic QA planning; Team collaboration; Team mentoring; Test automation; Test data management; TestNG"
Solutions Architect,Fresher,Entry-Level,0-1,0,AWS basics; AWS fundamentals; Azure basics; Azure fundamentals; Basic CI/CD; Basic CI/CD and DevOps exposure; Basic architecture design; Basic container orchestration knowledge; Basic microservices understanding; Basic security and compliance awareness; Basic security awareness; CI/CD basics; CI/CD fundamentals; CI/CD introduction; Communication; Docker fundamentals; Docker/Kubernetes basics; Docker/Kubernetes fundamentals; GCP basics; GCP fundamentals; Google Cloud fundamentals; Introductory Docker/Kubernetes knowledge; Introductory Node.js knowledge; Introductory microservices knowledge; Introductory security awareness; Java basics; Java fundamentals; JavaScript fundamentals; Kubernetes fundamentals; Node.js basics; Problem-solving; Python basics; Python fundamentals; Team collaboration; Teamwork
Solutions Architect,Experienced,Mid-Level,3+,3,AWS; Azure; CI/CD; CI/CD pipelines; CloudFormation; Collaboration; Docker; GCP; Java; Kubernetes; Leadership; Microservices; Node.js; Problem-solving; Project leadership; Project management; Python; Security compliance; Security protocols; Stakeholder engagement; Stakeholder management; Terraform
Solutions Architect,Experienced,Senior-Level,5+,5,AWS; Azure; CI/CD; CI/CD pipelines; CloudFormation; Docker; GCP; Java; Kubernetes; Leadership; Microservices; Node.js; Project management; Python; Security compliance; Security protocols; Stakeholder engagement; Stakeholder management; Terraform
Swift Developer,Fresher,Entry-Level,0,0,Git; Objective-C Basics; Swift; UI/UX Guidelines; Xcode
System Engineer,Fresher,Entry-Level,0-1,0,AWS Fundamentals; Azure Fundamentals; Bash Scripting; Cloud Basics; Cloud Concepts; Linux; Linux Administration Basics; Linux Basics; Monitoring Tools; Networking; Networking Basics; Networking Fundamentals; Perl Basics; Python; Python Basics; Scripting Fundamentals; TCP/IP; VMware; VirtualBox; Windows Server; Windows Server Basics
System Engineer,Experienced,Mid-Level,3-5,3,AWS; Active Directory; Ansible; Automation Scripts; Azure; CI/CD; Docker; Grafana; Hyper-V; Kubernetes; Linux; Linux Administration; Nagios; Networking; Python Scripting; Terraform; VMware; Windows Server
System Engineer,Experienced,Senior-Level,5-7,5,AWS; Active Directory; Ansible; Azure; Cloud Strategy; Docker; Enterprise Architecture; Grafana; Kubernetes; Leadership; Linux; Nagios; PowerShell; Python; Security Compliance; System Architecture; Terraform; Windows Server
System Security Engineer,Experienced,Senior-Level,5+,5,AWS IAM; Compliance; Firewalls; Linux Security; PowerShell
Technical Writer,Fresher,Entry-Level,0-1,0,AI Writing Tools; Adaptability; Adobe FrameMaker; Agile Documentation; Attention to Detail; Basic HTML; Basic HTML/CSS; CMS; CMS Basics; Clear Writing; Collaboration; Editing; Grammar and Style; HTML/CSS/XML; Interviewing SMEs; MadCap Flare; Markdown; Proofreading; Research Skills; Technical Accuracy; Technical Writing; Time Management; Version Control
Technical Writer,Mid-Level,Mid-Level,3-5,3,AI Writing Tools; Adobe FrameMaker; Agile Documentation; CMS; Editing; HTML/CSS/XML; MadCap Flare; Proofreading; Technical Writing; Version Control
Technical Writer,Experienced,Senior-Level,5-10,5,AI-assisted Documentation; API Documentation; Adobe FrameMaker; Advanced Editing; Advanced Technical Writing; CMS; MadCap Flare; Proofreading; Structured Authoring; Technical Documentation; UX Documentation; Version Control; XML/HTML/CSS
Test Automation Engineer,Entry-Level,Entry-Level,0–1 year,0,Appium; Appium basics; Black-box testing; Bugzilla; Cypress; Cypress basics; Functional testing; JIRA; Java; Java basics; JavaScript basics; Manual testing concepts; Postman basics; Python; Python basics; Regression testing; Selenium; Selenium WebDriver; Selenium basics; Test case writing; Test documentation; TestNG; TestNG basics
Test Automation Engineer,Mid-Senior Level,Mid-Level,4–7 years,4,Appium; C#; Cucumber; Docker; GitLab CI/CD; JIRA; JMeter; Java; Jenkins; Postman; Python; RestAssured; Selenium; TestRail
Test Automation Engineer,Senior-Level,Senior-Level,6–10 years,5,ALM; Appium; C#; Cucumber; Docker; GitLab; GitLab CI/CD; JIRA; JMeter; Java; Jenkins; LoadRunner; Postman; Python; RestAssured; Selenium; TestNG; TestRail
UI Designer,Fresher,Entry-Level,0,0,Accessibility; Adobe XD; Branding; Branding Basics; CSS; Color Theory; Figma; HTML; Illustrator; InVision; Interaction Design; Micro-Interactions; Photoshop; Prototyping; Responsive Design; Responsive Layouts; Sketch; Typography; UI Basics; UI/UX Design Basics; Usability Basics; Usability Testing; Wireframing
UI Designer,Experienced,Mid-Level,3,3,A/B Testing; Accessibility; Adobe XD; After Effects; Animation; Branding; CSS; Design Systems; Figma; HTML; InVision; JS; Principle; Prototyping; Responsive Design; Sketch; UI/UX Collaboration; Usability Testing; User Flows
UI Designer,Experienced,Senior-Level,5,5,Accessibility; Adobe XD; Design Systems; Figma; InVision; Interaction Design; Leadership; Micro-Interactions; Sketch; Team Leadership; Usability Testing
UX Analyst,Fresher,Entry-Level,0-1,0,Figma; InVision; Prototyping; User Research Basics; Wireframes
UX Architect,Experienced,Senior-Level,8-10,8,Agile UX; Design Systems; Figma; Information Architecture; Prototyping; WCAG
UX Designer,Fresher,Entry-Level,0-1,0,Adobe XD; Basic Usability Testing; CSS Basics; Color Theory; Figma; HTML Basics; InVision; Information Architecture; Information Architecture Basics; Layout Design; Prototyping; Sketch; Team Collaboration; Typography; Usability Testing; User Flows; User Research; User Research Basics; Wireframes; Wireframing
UX Designer,Experienced,Senior-Level,5-7,5,A/B Testing; Accessibility; Accessibility Standards; Adobe XD; Agile UX; Analytics; Axure; Design Systems; Design Thinking; Figma; InVision; Information Architecture; Interaction Design; Journey Mapping; Leadership; Principle; Prototyping; Sketch; Team Leadership; UX Research; User Research; WCAG Standards
Vibe Coder,Junior,Entry-Level,0-1,0,"AI coding assistant proficiency; AI coding assistant usage; AI coding assistant usage (ChatGPT, Copilot); AI coding assistants; AI-assisted code evaluation; Adaptability; Agile project management; CSS basics; Code evaluation; Code evaluation and debugging; Code review basics; Collaboration; Communication; Creative problem solving; Critical thinking; Debugging; Debugging AI outputs; Debugging AI-generated code; HTML basics; HTML/CSS basics; JavaScript advanced; JavaScript basics; Problem-solving; Project management basics; Prompt crafting basics; Prompt creation; Prompt engineering; Prompt engineering basics; Prompt engineering fundamentals; Prompt optimization; Python advanced; Python basics; React basics; React frameworks; React/Vue frameworks; Ruby basics; Task planning with Jira/Trello; Team collaboration; Teamwork; Vue basics; Vue frameworks"
Vibe Coder,Senior,Senior-Level,5+,5,AI coding assistant mastery; Agile; Agile oversight; Agile workflow management; Agile workflow oversight; Code evaluation and debugging advanced; Collaboration; Communication; Creativity; Cross-functional collaboration; Debugging AI outputs; Debugging AI-generated code; Innovation management; JavaScript expert; Mentoring; Problem-solving; Project leadership; Project management Agile; Prompt engineering advanced; Prompt engineering expert; Python expert; React/Vue expert; React/Vue frameworks advanced; React/Vue frameworks expert; Ruby advanced; Ruby basics; Strategic planning; Team management
Web Developer,Fresher,Entry-Level,0-1,0,AJAX; Angular basics; CSS3; Git; GitHub basics; HTML5; JSON; JavaScript; MongoDB basics; MySQL basics; Node.js basics; PHP basics; Python basics; REST APIs; RESTful APIs; React basics; Responsive Design; UI/UX fundamentals; Vue.js basics
Web Developer,Experienced,Mid-Level,3+,3,AWS; Angular; CI/CD; Django; Docker; Express.js; GraphQL; JavaScript; Kubernetes; MongoDB; Node.js; REST APIs; React; Redis; SQL; Testing with Jest; Testing with Jest/Enzyme; TypeScript; Vue.js
Web Developer,Experienced,Senior-Level,5+,5,AWS; Angular; CI/CD; Django; Docker; Express.js; GraphQL; JavaScript; Kubernetes; MongoDB; Node.js; REST APIs; React; Redis; SQL; Testing frameworks; Testing with Jest/Enzyme; TypeScript; Vue.js
iOS App Developer,Fresher,Entry-Level,0,0,Basic Debugging; Cocoa Touch; Core Animation; Core Data; Firebase; Git; Jenkins; MVC; Objective-C; Swift; UIKit; Xcode
iOS Architect,Experienced,Senior-Level,5+ years,5,CI/CD; Core Animation; JIRA; MVP; MVVM; Objective-C; Swift
iOS Developer,Fresher,Entry-Level,0,0,App Store Submission; Cocoa Touch; Git; Interface Builder; JSON Handling; MVC; MVVM; Objective-C; REST APIs; Simulator; Swift; UI/UX Basics; UIKit; Xcode
iOS Developer,Experienced,Mid-Level,3 years,3,CI/CD; Core Data; GitHub Actions; GraphQL; MVVM; Objective-C; Swift
iOS Developer,Experienced,Senior-Level,5+ years,5,Agile/Scrum; App Performance Optimization; CI/CD; Core Animation; Core Data; MVVM; Objective-C; REST APIs; Swift
iOS Engineer,Fresher,Entry-Level,0,0,Git; JSON; Objective-C; REST APIs; Swift
iOS Engineer,Experienced,Mid-Level,4 years,4,Agile; CI/CD; Core Animation; Core Data; Core Text; CoreGraphics; Crashlytics; GraphQL; JIRA; Jenkins; Objective-C; Swift; Xcode
iOS Mobile App Engineer,Experienced,Senior-Level,5 years,5,Crashlytics; Firebase; Kotlin; MVVM; Objective-C; Swift; Unit Testing
iOS Mobile Developer,Fresher,Entry-Level,0,0,Cocoa Touch; Git; JSON; Objective-C; REST APIs; Simulator; Swift; UI/UX Design; UIKit; Xcode
iOS Solutions Engineer,Experienced,Mid-Level,3-5 years,3,Core Data; GraphQL; Objective-C; Performance Tuning; Swift; Xcode Instruments
